:020000040800F2
:10000000800D002065020008657800083B7200083A
:100010002D770008FD360008358900080000000033
:10002000000000000000000000000000F57F000854
:10003000354E000800000000017D0008F77F000831
:100040007F0200087F0200087F0200087F0200088C
:100050007F0200087F0200087F0200087F0200087C
:100060007F0200087F0200087F0200087F0200086C
:100070007F0200087F0200087F0200087F0200085C
:10008000154C0008214C00087F0200087F02000880
:100090007F0200087F0200087F0200087F0200083C
:1000A0007F0200080D8000087F0200087F02000820
:1000B000198000087F0200087F0200087F02000804
:1000C0007F0200087F0200087F0200087F0200080C
:1000D0007F020008B1880008D98800087F02000864
:1000E0007F0200087F0200087F0200087F020008EC
:1000F0007F0200087F0200087F0200087F020008DC
:100100007F0200087F0200087F0200087F020008CB
:100110007F0200087F0200087F0200087F020008BB
:100120002D4C0008394C0008454C00087F0200089F
:100130007F0200087F0200087F0200087F0200089B
:100140007F0200087F0200087F0200087F0200088B
:100150007F0200087F0200087F0200087F0200087B
:100160007F0200087F0200087F0200087F0200086B
:100170007F0200087F0200087F02000800000000E4
:100180007F0200087F02000800F002F800F05BF830
:100190000AA090E8000C82448344AAF10107DA45E2
:1001A00001D100F050F8AFF2090EBAE80F0013F0D9
:1001B000010F18BFFB1A43F001031847589F0000B6
:1001C000789F0000103A24BF78C878C1FAD8520747
:1001D00024BF30C830C144BF04680C6070470000C1
:1001E0000023002400250026103A28BF78C1FBD840
:1001F000520728BF30C148BF0B607047662909F01D
:100200004B85642900F02281752900F01F8178292F
:1002100000F05881732900F0A986002070471FB5AF
:1002200009F02DFD01F0CCF904000020002109F0B7
:1002300097FA401C60600020002109F0A7FAE060F6
:100240001FBD10B510BD01F095FC1146FFF7E7FF8B
:1002500008F054FD01F0E8FE03B4FFF7F2FF03BC21
:1002600008F0B0FC0948804709480047FEE7FEE770
:10027000FEE7FEE7FEE7FEE7FEE7FEE7FEE7FEE756
:1002800004480549054A064B70470000FD7F0008F9
:100290008901000880070020800D002080090020CF
:1002A00080090020704753EA020C00F069802DE9B4
:1002B000F04B4FF00006002B1FBFB3FA83F503FA93
:1002C00005F424FA05F65E4012BF1643B2FA82F531
:1002D00002FA05F4C5F120051EBF22FA05FC44EA26
:1002E0000C04203556EA044C4FEA144418BF641C31
:1002F0004FF000084FF00009904271EB030C39D326
:10030000002919BFB1FA81F701FA07F6B0FA80F7B0
:1003100000FA07F6C7F120071EBF20FA07FC46EADD
:100320000C062037B6FBF4FCA7EB0507103F07F0DF
:100330001F0BCBF120060CFA0BFB2CFA06F644BF80
:10034000B3460026202FA4BF5E464FF0000B5BEAA9
:10035000060C08BF4FF0010B19EB0B09ABFB027C3D
:1003600048EB0608C01B06FB02CC0BFB03CC71EB71
:100370000C01C1E70B46024641464846BDE8F08BFA
:1003800013B54FF000004FF00001AFF30080BDE85F
:100390001C4070470FB4044910B503AA029800F03E
:1003A000E9FD10BC5DF814FB5000002070B5044658
:1003B00085690068C10601D5302600E02026C00707
:1003C00007D070BDD4E9012130469047206A401C17
:1003D00020626D1EF6D570BD70B504468569007843
:1003E000C00707D170BDD4E9012120209047206AC1
:1003F000401C20626D1EF6D570BD70B50C460546DA
:10040000012A05D02878800600D5EA69002302E099
:10041000012305E05B1C934202D2E05C0028F9D185
:10042000A869E618C01AA861286A184428622846F4
:10043000FFF7BCFF04E0D5E9012114F8010B904758
:10044000B442F8D32846FFF7C7FF70BD2DE9F0414D
:100450000646002410687529314616A510D0AFF362
:100460000080002802DA404213A507E031688A07BD
:1004700001D512A502E0490704D511A5012401E028
:10048000AFF3008000210A2206F1240709E0B0FB47
:10049000F2FCB0FBF2F302FB1C003030785418463B
:1004A000491C0028F3D123462A463046BDE8F041D6
:1004B00000F0E2BA000000002D0000002B00000058
:1004C0002000000070B504460D4621461068AFF3C9
:1004D00000802188090502D50F4A7A4402E00E4ABD
:1004E0007A440E32002104F1240305E000F00F06E7
:1004F0000009965D5E54491C0028F7D1207800233E
:10050000000704D5702D02D009B102231132204614
:10051000BDE8704000F0B0BACA9800002DE9F05F65
:10052000894604464FF0000ADFF874B1FB44C0F876
:1005300020A02046E1688847002874D0252806D0EE
:10054000D4E901219047206A401C2062F1E700268F
:100550005F462046E16888472028054607DB312DA5
:1005600005D2781910F8200C08B10643F1E7B0075E
:1005700001D526F00406C4F81CA00027C4F818A072
:100580002A2D09D0284608F016FB38B304EB87085B
:10059000303DC8F8185019E059F8041B204604EB08
:1005A00087029161E1688847012F054618D1E0690B
:1005B000002820DA26F020061DE0D8F8180000EB0D
:1005C000800005EB40003038C8F818002046E1688C
:1005D0008847054608F0EFFA0028EED1012F0AD02F
:1005E0002E2D08D12046E16888477F1C0546022F42
:1005F00046F02006C4DBA069002803DA404246F03A
:100600000106A061F00701D026F010066C2D0BD07A
:10061000682D09D04C2D39D06A2D35D0742D35D0A8
:100620007A2D33D016E038E0E1682F46204688471F
:10063000B842054609D16C2F26D04FF48060E1689E
:10064000064320468847054604E06C2F1AD04FF435
:10065000807006430DB3A5F14100192802D820355A
:1006600046F400664A462946204626604E46FFF775
:10067000C5FD80B101280BD0F61D26F0070000F162
:10068000080956E74020E4E78020D8E70020D6E7B5
:1006900006F104094DE7284652E7206ABDE8F09FBD
:1006A000A09800000FB400B58DB010A9099000917A
:1006B0000B904FF0FF300A9000200C9006487844D1
:1006C0000690064878446A4607900F9909A800F0FA
:1006D000F3FE0DB05DF814FB170E00002F0E0000A6
:1006E0002DE9FF5F1D464FF0FF3B91464FF000089C
:1006F0005F46D5E90146A96901987F1C8847296AA8
:10070000824688470028F6D1BAF1FF3F0CD0002E70
:1007100024F4C06419DD600614D5BAF12B0F09D09A
:10072000BAF12D0F0ED103E0584604B0BDE8F09F9A
:1007300044F48064A96901987F1C8847761E82462C
:10074000002E02DDBAF1300F03D0B9F1000F26D030
:1007500032E0A969761E01987F1C44F40074884732
:10076000002E824605DDBAF1780F06D0BAF1580F97
:1007700003D0B9F1000F10D01EE0B9F1000F02D084
:10078000B9F1100F18D1A969761E01987F1C24F4C5
:10079000007488478246102002E0082000E00A200A
:1007A000814609E0A96908FB0908761E01987F1CAB
:1007B00044F4007488478246002E05DD49465046C1
:1007C00000F0EAFB0028EDDAE96901988847A00506
:1007D00002D46FF00100A8E7E00725D1600613D529
:1007E000600502D5C8F1000000E0404629680A1DF6
:1007F0002A600968220501D5087015E0220701D595
:10080000088011E008600FE02868011D2960006879
:10081000210502D580F8008006E0210702D5A0F866
:10082000008001E0C0F8008038467EE72DE9F047FF
:1008300091460F4680460446002614F8015B2DB110
:1008400000F00EF90068405DC007F6D12B2D02D0F4
:100850002D2D18D0641E4A463946204600F05CFE15
:1008600027B13968A14201D1C7F800804FF00204D6
:1008700071050BD54042002803DD00F0F9F8046053
:10088000A007BDE8F08746F48066E4E70028F8DAC0
:1008900000F0EEF804606FF00040F2E710B5431C82
:1008A00002E010F8011B71B18107FAD14FF001325B
:1008B00002C88C1A8C4314EAC211F9D0C01A0A0675
:1008C00003D0C01E10BDC01A10BD0A0401D0801E86
:1008D00010BD0902FCD0401E10BD40EA010370B5F6
:1008E0009B072ED14FF00136042A2AD308C810C91D
:1008F0009D1B9D43121F15EAC61517D0D8B2E1B251
:10090000401A50EA056110D198B2A1B2401A50EADB
:1009100005410AD123F07F4024F07F41401A50EA7C
:10092000052102D1180EA0EB146070BDA342DBD0EC
:1009300018BA21BA884201D9012070BD4FF0FF30AA
:1009400070BD0AB9002070BD10F8013B11F8014BD1
:1009500063B1A3420AD1521E08D010F8013B11F82E
:10096000014B1BB1A34201D1521EEDD1181B70BD2A
:100970004FF000020429C0F0128010F0030C00F0C8
:100980001B80CCF1040CBCF1020F18BF00F8012B46
:10099000A8BF20F8022BA1EB0C0100F00DB85FEA14
:1009A000C17C24BF00F8012B00F8012B48BF00F8E0
:1009B000012B70474FF0000200B51346944696464F
:1009C000203922BFA0E80C50A0E80C50B1F1200162
:1009D000BFF4F7AF090728BFA0E80C5048BF0CC010
:1009E0005DF804EB890028BF40F8042B08BF70476E
:1009F00048BF20F8022B11F0804F18BF00F8012BE0
:100A0000704710B5044610F0030F08BF11F0030F34
:100A100040F015804FF0013E121FC0F20E8051F8D9
:100A2000043BA3EB0E0C2CEA030C1CEACE1C08BF03
:100A300040F8043BF0D0A1F1040102F10402521E7F
:100A400008DB11F8013B002B00F8013BF7D1114600
:100A5000FFF78EFF204610BD704770477047704704
:100A600010B500F0ADFD001D10BD00BFF58C0000FD
:100A7000004870471C0700202DE9F0470D469946B5
:100A80009246044600F124080168880604D5E0690E
:100A900021F01001216000E00120A84201DD471B88
:100AA00000E00027A1697A1902EB0900081AA06189
:100AB0002078C00602D42046FFF778FC002608E024
:100AC000D4E901211AF806009047206A401C761CE0
:100AD00020624E45F4DB2078C0060AD52046FFF799
:100AE00065FC06E0D4E9012130209047206A401CD3
:100AF0002062381EA7F10107F4DC07E0D4E90121E8
:100B000018F805009047206A401C2062281EA5F1B5
:100B10000105F3DC2046FFF75FFC2078000602D5D4
:100B20000220BDE8F0870120FBE770472DE9FF4F69
:100B30000C461E464FF0FF378BB0D2E90001DDF8BE
:100B400060800A908A46C1F30A5505B93D460021E6
:100B500008464FF00000BAF1000F00F4400005DA3B
:100B600000EB80004FF4400101EA50004FEA905939
:100B7000B9F1010F00DDB9460A9850EA4A000ED0DB
:100B800044F61050A5F2FF3545432F14B8F1000F7D
:100B90001ED07542291E1EDDC9F100021CE0B8F10D
:100BA000010F4FF0000001D0302103E0F24305E0D7
:100BB0002154401CB042FBDB30460022002121546E
:100BC0000B99C1F80880C1E900200FB0BDE8F08F93
:100BD000BD1B6D1CDEE74A4600DA694206A800F03C
:100BE00053FF06AB93E8070003AB83E807005046CA
:100BF0000A9901F076FA8DE80700A0F500501F3839
:100C000000900398002D0ADD42F21F014A46084475
:100C1000002303A90390684601F022FD09E0A0F536
:100C200000504A461F38002303A90390684601F08C
:100C300041FD8DE807000004000C03D04FF0FF30A9
:100C4000410800E01046B8F1000F03D000220092E6
:100C500015461EE0751E05D400F0B6FC3032625514
:100C60006D1EF9D5B3460122084302D000227F1C35
:100C700004E02078302801D100227F1E002A099745
:100C800084D01DE0112D07DA00F09EFC3032625551
:100C90006D1C50EA0102F5D1084302D00098C8B19A
:100CA0000EE00021681E05E0235C625C6354225460
:100CB000401E491C8142F7DBAB46A81B401E099031
:100CC000002004F80B000B98099AC0F80880C0E9CE
:100CD000002B7AE711264FF0000857E72DE9F04F77
:100CE00088460446D21D22F0070191B0D1E90001E7
:100CF000CDE90A0107F01FFE02460B98C00F01D094
:100D00002D2007E02068810701D52B2002E020215B
:100D100001EAC000032A099001D0072A05DB034637
:100D20004146204600F0B6FC0BE12078800601D554
:100D3000E06900E00620B8F1650F814606D0B8F101
:100D4000660F18D0B8F1670F70D131E00020B9F10B
:100D5000110F009001DB112301E009F101030AAA40
:100D600001A90CA8FFF7E2FEDDE90C70002609F1ED
:100D70000105834647E001204B4600904FF00047B5
:100D80000AAA01A90CA8FFF7D1FEDDE90DB00C9964
:100D90005D46002610B909F101000D18B9EB0500F8
:100DA00003D4C0F1FF3609F10105A5EB09002BE0E2
:100DB000B9F1010F01DA4FF001090020B9F1110F6B
:100DC0000090484601DD112300E003460AAA01A96C
:100DD0000CA8FFF7ABFEDDE90C704D4600268346FC
:100DE000207800070AD4AB4500DA5D4601A8012D42
:100DF00004DD411911F8011C302907D04F4502DAF2
:100E000017F1040F04DA012082460FE06D1EEEE7B1
:100E1000002F02DCED1B3E4403E0781CA84200DDFD
:100E20007D1CB81B00F1010A4FF000472078000735
:100E300003D4AA4501DB4FF0FF3A0021B7F1004F80
:100E40000DF143088DF8431024D002202B23002FEE
:100E500001DA7F422D230A21021EA0F1010000DCED
:100E60005FB197FBF1FC97FBF1F201FB1C7C17468D
:100E70000CF1300C08F801CDEEE7A8F10100037089
:100E80002188090501D5452100E06521A0F101086F
:100E900000F8011C09980FA9A1EB0807FF1D00B17C
:100EA0000120411901EBEA70A1693844081A401E7B
:100EB000A0612078C00602D42046FFF777FA09988F
:100EC00028B1D4E901219047206A401C2062207893
:100ED000C00622D52046FFF769FA1EE0002E04DB8B
:100EE000B34502DD01A8805D00E03020D4E9012196
:100EF0009047206A401C2062761CAAF101005FEA3C
:100F0000000A0AD100F05CFBC0680168405CD4E9CB
:100F100001219047206A401C2062281EA5F101058E
:100F2000DCDC07E0D4E9012118F8010B9047206AC6
:100F3000401C2062381EA7F10107F3DC2046FFF7B2
:100F40004BFA032011B041E610B5436913B1AFF37A
:100F5000008001E0FFF751FA012010BD127800F186
:100F600024010A7000224A700122EDE711684FF057
:100F7000FF32E9E7074B70B50D467B4400F077FB85
:100F80000446284600F0F2FD10B14FF0FF3070BD6E
:100F9000204670BDD77C00003A2800D2303820F0BF
:100FA0002002412A01D3A2F13700884201D34FF039
:100FB000FF3070472DE9FF4F06468BB00878FF28B9
:100FC00006D0491C2D2805D000244FF0000908E068
:100FD00000200CE00124F8E709EB8903491C00EB31
:100FE00043090878FF28F7D114B1C9F10000814600
:100FF000107800252C46AA4629462D2801D02B28FA
:1010000004D1521C2D2813D0002082468B46107824
:10101000FF280FD04FF0000C0A21521CA5FB0178CD
:1010200004FB018105FB0C11C5194BEB0104EEE734
:101030000120EAE7002108464FF00000BAF1000F56
:1010400002D000EB80004008C0F38157012F01DD82
:101050004FF0FF370E9955EA040009EB01080BD059
:101060004FF0020918F5FA7F16DA4FEACA70002F1E
:10107000706008DD012007E04FEACA70C6E900B0E1
:101080000FB0BDE8F08F00203060FFF7F1FCC0F832
:1010900000901821084616E0B8F5FA7F18DD002FF9
:1010A00002DAF748784401E0F6487844D0E90010C5
:1010B000C6E9001040EACA707060FFF7D9FCC0F8BA
:1010C0000090142108460FB0BDE8F04F08F0E1BDD4
:1010D000002108464FF00000B8F10001099002DA43
:1010E000C7F1000200E03A4601DAC8F1000106A8A3
:1010F00000F0CAFC06AB93E8070003AB83E80700E7
:1011000044F23E005BEA04010090584604D144F2E8
:101110001E012C465D460091210C0904014306D1B5
:101120000099240444EA15442D041039009104F078
:101130007F41014306D10099240244EA15642D023F
:101140000839009104F07041014306D1009924014F
:1011500044EA15742D01091F009104F04041014338
:1011600006D10099A40044EA9574AD00891E00914F
:1011700004F00041084304D100986D196441401EF9
:1011800000904FF001033A466846B8F1000FCDE9F0
:10119000014503A902DD01F0A2FA01E001F075FAB0
:1011A000BAF1000F04460D4601D084F0004400213E
:1011B00008464FF00000099940F2FF77484010F0D0
:1011C0000C0F07D124F00040284303D0C4F30A5089
:1011D000B84212D1FFF74CFCC0F80090C4F30A509B
:1011E000B8420AD1A8487844D0E90010C6E90010F6
:1011F00004F000410843706042E7C6E900543FE74D
:101200002DE9FF4F1F464FF0000A4FF0FF384546CB
:1012100091B0D7E90146CDF83CA000F0D1F9C06803
:101220000168405C1090B96912986D1C8847396A52
:10123000814688470028F6D1B9F1FF3F0AD0002E39
:1012400024F4D06411DDB9F12B0F08D0B9F12D0FC2
:101250000BD102E0404615B013E744F48064B9694D
:1012600012986D1C8847761E8146600504A901D539
:101270002D2000E02B20002E01F1010B0DF1300894
:101280008DF810003FDDB9F1690F08D0B9F1490FB1
:1012900005D0B9F16E0F02D0B9F14E0F1CD13B460B
:1012A00001A8009580E85002DDE912126FF00200FB
:1012B00008F058FDC11CCED10EE0B96912986D1C22
:1012C000884781461398761E44F4007405600F9891
:1012D000401C002E0F9016DDB9F1300FEDD0B9F1A2
:1012E000780F02D0B9F1580F0DD10F9801280AD10B
:1012F0003B46CDE90054DDE91212001F029608F0CA
:101300002FFDC11CA7D1109989453ED144F080041E
:1013100006E01399681CAAF1010A44F400740860FD
:10132000B9696D1C1298761E884730288146F0D026
:101330002BE01099894505D1200603D4761E44F090
:10134000800418E0484607F036FC08B3761E0DF11D
:1013500023018B4544F4007408D2A9F130000BF846
:10136000010B200607D5AAF1010003E0200602D4F4
:101370000AF101008246A00502D51399681C086095
:10138000B96912986D1C88478146002ED1DC53E064
:10139000002E51DDB9F1650F02D0B9F1450F4BD1E7
:1013A000A00549D5B9696D1C1298761E24F44074C5
:1013B0008847002E81460CDD2B2804D0B9F12D0F73
:1013C00007D144F48074B96912986D1C8847761E61
:1013D0008146E00501D52D2100E02B2108F8011BF5
:1013E000CDF8008021E0761E0DF13901884544F4E6
:1013F00000740CD2A9F1300010F0FF0088F8000052
:1014000002D10099884509D908F1010806E0E005F4
:1014100001D51E4801E042F20F708246B969129868
:101420006D1C8847814613980560002E04DD4846F0
:1014300007F0C1FB0028D6D1F96912988847FF2030
:1014400053468BF8000088F8000000200A900B90AB
:1014500004AA0CA90AA8FFF7ADFDA00502D46FF0FD
:101460000100F8E614F0240F12D0E0071CD1386810
:10147000DDE90A12031D3B600068C0E9001213E0B9
:1014800094900000869000004A8F0000F1D8FFFF82
:101490000AA9684607F07CFBE00705D13868009A86
:1014A000011D3960006802602846D4E602681144D4
:1014B0001378016018467047D1600549794451613D
:1014C00004497944116200211161114600F022B9EA
:1014D000EDFFFFFF8D010000426842B1016811F885
:1014E000013B23B1521EC0E900121846704701218A
:1014F000C160881E704742685AB1C368016843B929
:1015000083688B4205D0491E521CC0E9001200209E
:1015100070474FF0FF3070472DE9F05F8246154667
:101520008B4600270AF10104B9460078302801D023
:101530009DB113E014F8010B0127782803D0582837
:1015400001D045B10AE00DB1102D07D1002714F8E4
:10155000010B102502E0082500E00A250026B04610
:101560000EE005FB080005FB06F101271FFA80F8D5
:1015700001EB1046B6F5803F00D3B94614F8010BD5
:101580002946FFF709FD0028EBDABBF1000F05D073
:101590000FB1641E00E05446CBF80040B9F1000FD3
:1015A00006D0FFF765FA02210160C81EBDE8F09F72
:1015B00048EA0640FAE70000004870471C07002090
:1015C000004870473C07002030B5B0F10A024FEAEE
:1015D000900E71F100034EEA817EB0EB0E0061EBDC
:1015E00091014FEA101E4EEA017E10EB0E0041EB16
:1015F00011114FEA102E4EEA016E10EB0E0041EB76
:1016000011214FEA104E4EEA014E10EB0E0041EB55
:101610001141401841F100014FEAD00040EA417009
:101620004FEAD10110EB80054FEA810444EA90743F
:1016300044EB01046D1944EB0404521BA3414FF029
:10164000000348BF0A3200D530BD401C41F1000103
:1016500030BD10B50446FFF703FA0068005D00F0E6
:10166000010010BD01694A1C02610878704700B58D
:101670008FB0CDE901310021059105497944CDE9CB
:10168000031011466846FEF749FF0FB000BD000089
:10169000E5FFFFFF2DE9F0411F46044603260168E0
:1016A000072A01F4006004DB08B116A505E016A5C1
:1016B00003E008B115A500E015A521F01000206099
:1016C000A069C01EA0610FB1401EA0612046FEF7B8
:1016D0006DFE4FB1D4E9012138469047206A401C85
:1016E0002062C01C206206E0206AFAE7D4E90121EA
:1016F00015F8010B9047761EF8D22046FEF76CFED7
:10170000BDE8F0814E414E006E616E00494E4600CC
:10171000696E66002DE9F34F4FF0000A0C465646FD
:101720008DB001200C9001F10C000B9062690B98B8
:1017300001219047051E2DD0252D2CD0216A8847E8
:10174000C0B162690B9801219047216A884700283F
:10175000F7D16269411E0B98904700E0761CA169A1
:101760000D988847216A88470028F7D1E1690D98CC
:101770008847DBE7A1690D988847A842074601D151
:10178000761CD3E7E1690D9888477F1C02D1BAF136
:10179000000F6FD06BE162690B9800273D46394618
:1017A00090472A2804D162690B98012190470125AE
:1017B000DFF8D08262690B9801219047A0F13001D7
:1017C0000A290AD24745E5DC07EB870100EB410710
:1017D000303FDFD445F01005ECE7E90601D46FF0A7
:1017E00000476C280AD04C2814D0682815D06A28E5
:1017F0000DD074281CD07A281AD01DE062690B988D
:10180000012190476C2802D045F0040514E045F012
:1018100002050DE045F020050AE062690B98012100
:101820009047682802D045F0080505E045F40065BA
:1018300062690B9801219047C4E9015765283DD0A2
:1018400019DC58287AD00CDC452837D004DC252850
:1018500026D041289ED131E046282FD0472899D163
:101860002CE05B2877D0612828D063287CD06428BE
:1018700023D15AE0F6E06F2848D008DC66281DD056
:1018800067281BD0692821D06E2816D127E0702840
:1018900045D0732868D0752847D078280DD14DE001
:1018A000A1690D988847252805463FF469AFE1698D
:1018B0000D9888476D1C3FF46AAFD8E00D99234618
:1018C0006A466FF0010008F049FAC5E045F04000B3
:1018D00023464FF000026060A80736D43EE0E807D8
:1018E0007FF447AF2068011D21600068290501D5FC
:1018F00006701BE7290701D5068017E7A90703D55E
:10190000F117C0E9006111E706600FE745F04000FC
:1019100023464FF008026060A80716D41EE040F688
:101920000E0125EA0100606016E045F04000234604
:101930004FF00A026060A80707D40FE045F04000AE
:101940006060A80708D5234610220D996FF00100AA
:10195000AFF3008080E007E0102223460D996FF07E
:101960000100FEF7BDFE77E04FF0000963284F4607
:10197000C8464B46CB4602D05B2806D038E0E80686
:1019800001D40120A060012732E06269D4F80CB0D4
:101990000B98012190475E2807D14FF00109494675
:1019A0006269D4F80CB00B989047216939B90021CD
:1019B0000A4603AB43F82120491C0829FADBD8B3B7
:1019C000216949B308F1010862690B980121904728
:1019D0005D28F4D1B9F1000F09D0002003A951F816
:1019E0002020D24341F82020401C0828F7DB03AB1D
:1019F0002069002820794FEA40701ED05B462246BD
:101A0000CDF80080CDE901970D9900286FF0010015
:101A100020DAAFF300801FE0C11703AA00EBD16109
:101A20004B1121F01F0102EB8302411A13680120C0
:101A3000884003431360C7E719E00D992246002848
:101A40006FF00100009702DAAFF3008004E0AFF31B
:101A5000008001E0AFF3008000280ADA401C06D1C4
:101A60000C9820B14FF0FF300FB0BDE8F08F50461A
:101A7000FAE7E90701D10AF1010A064400200C90B7
:101A800054E60000CCCCCC0C2DE9F047814616463C
:101A90008AB0354878440DC88DE80D003248784446
:101AA000801C03AC0DC884E80D0041F69B3008444F
:101AB000372190FBF1F290FBF1F5A5F1800501FBD8
:101AC00012041B3C02D56442012000E00020DFF834
:101AD00098A080460027FA44AAF1BE0A0EE0E0076B
:101AE0000AD03246684607EB470101230AEB810121
:101AF00000F0E0FD8DE8070064107F1C002CEED1A3
:101B0000194F7F44AE3F19E0E80715D007EB0410EA
:101B10000DF1180A90E80E008AE80E00C068F04245
:101B200001D1981908903246012306A903A800F0B4
:101B3000C1FD03AB83E807006D10641C002DE3D1E9
:101B40004FF0010332466946B8F1000F03A802D0F6
:101B500000F086FD01E000F0ADFDC9E90001C9F823
:101B600008200AB0BDE8F087C8830000007B00F0C1
:101B7000800070477546FFF71FFDAE4605006946B9
:101B8000534620F00700854618B020B5FEF778FBD5
:101B9000BDE820404FF000064FF000074FF000086E
:101BA0004FF0000B21F00701AC46ACE8C009ACE8EF
:101BB000C009ACE8C009ACE8C0098D46704710B553
:101BC000FEF756FF006810BD10B50446FEF750FF43
:101BD000046010BD2DE9FF4F1F464FF03C0987B050
:101BE0004FF00042DDE9141001F10108DDF858A0C2
:101BF00002EA4050039000200590834605460446C3
:101C00000490B969461E08988847AAF1010A029013
:101C1000BAF1000F3BDD02982E2815D01021FFF7F6
:101C2000BBF900282EDB4FF0010B0599014317D0BB
:101C3000B9F1000F0BDB4A46C11700F03FFA05432C
:101C40000C43A9F1040905E0012004900BE008B160
:101C500045F0010501200590049820B9361D02E0E9
:101C6000049800B1361FB969089808F1010888473F
:101C7000BBF1000FAAF1010A0290C9D00999C1F87D
:101C80000080C5E70298702808D0502806D0F9696E
:101C900008988847BBF1000F14D04FE00020029055
:101CA0000120BBF1000F049009D0B969089808F130
:101CB00001088847AAF10109B9F1000F07DCF969A9
:101CC000089888476FF001000BB0BDE8F08F2B2813
:101CD00004D02D280CD14FF0FF300490B96908983A
:101CE00008F101088847A9F10109B9F1000FE6DD03
:101CF000411CE4D00A21FFF74FF90028DFDB0299ED
:101D000008F1010801EB810100EB41000290B96983
:101D1000089888470A21FFF73FF9099AA9F10109B4
:101D2000B9F1000FC2F8008001DD0028E7DAF96997
:101D3000089888470499029800FB016655EA040058
:101D400004D004F04041090002D006E0039898E076
:101D5000A40044EA9574AD00B61E04F000410800EA
:101D600002D16D196441761E159810F0240F03D02E
:101D70004FF00B095C4803E04FF028096FF07D003D
:101D80008246564507DAAAEB06018944B9F1410FAC
:101D900001DD4FF0410901200021A9F1010200F00D
:101DA0008DF9024628400B462140084301D001210D
:101DB00000E00021501E029143F1FF3128402140F4
:101DC000084301D0012000E000200299834651EA37
:101DD0000B014FD0002108464FF00000039900F49A
:101DE000400039B100EB80004FF4400100EBD070AF
:101DF00001EA60008015012802DD4FF0FF3000E0AD
:101E000013D0401C36D0029860B3BBF1000F0CD148
:101E10004A460120002100F051F9284021400843A2
:101E200001D0012000E00020E0B101204A4600215D
:101E300000F044F9034640190A4661412D1A8C41CD
:101E400011D3B9F1400F09DD159810F0240F02D01D
:101E5000AAF1340603E0AAF1170600E0761C00257B
:101E60004FF0004406E05B1E42F1FF3220EA03051A
:101E700021EA0204CAF10100B04206DA1B490398C4
:101E800008430190002000900EE0039AC4F3D32190
:101E9000E80A0A43164940EA44500A433146CDE96C
:101EA0000002684606F07DFE159810F0240F0BD056
:101EB0001598C00715D13868DDE90012031D3B6095
:101EC0000068C0E900120CE002A8694606F060FE56
:101ED0001598C00705D13868029A011D396000685D
:101EE00002604046F0E6000002FCFFFF0000F07FC9
:101EF0000000F03F2DE9FF4F92461D4685B04FF0A0
:101F00000041DDE9124BDDE914727F1E01EA4B50FE
:101F1000414940F0FF4940EA0108002122F0200039
:101F20004928049102D04E2828D04CE03BA001263D
:101F300007C88DE80700A9690698641C88477F1EBA
:101F4000014606D41DF8060018B121F02001814297
:101F50000BD0E96906988847032E34D0082E32D07A
:101F60006FF0010009B0BDE8F08F761C032E01D0A0
:101F7000082EE0D1601CCAF80000DCE7A9690698C9
:101F8000641C88477F1E2AD420F02000412826D1D7
:101F9000A9690698641C88477F1E20D420F0200081
:101FA0004E281CD1A9690698641C88477F1E48F4F6
:101FB000002849F48009CAF8004001D4282806D036
:101FC000E969069888475FEACB7012D022E0A969D8
:101FD0000698641C88477F1E01D4002803DAE9694B
:101FE00006988847BCE72928F1D1641CCAF800404C
:101FF000E9E71BF0240F07D028680499031D2B6024
:102000000068C0E9001805E02868021D2A60006821
:10201000C0F800902046A5E70000F07F494E4649F1
:102020004E4954590000000010B50446AFF300803B
:102030002046BDE81040FEF70FB900004FF0013C0C
:1020400050F8042B51F8043B9A4221D1A2EB0C0327
:10205000934313EACC1317D150F8042B51F8043BE7
:102060009A4215D1A2EB0C03934313EACC130BD184
:1020700050F8042B51F8043B9A4209D1A2EB0C030F
:10208000934313EACC13DBD04FF00000704700BF3E
:10209000D01A01BAB1FA81F101F0180122FA01F067
:1020A000CB40C1F12001DBB2C0B2C01A2CFA01F35F
:1020B000D11A914311EAC311E6D17047B2F120035E
:1020C0000AD5C2F1200301FA02F120FA03F300FA63
:1020D00002F041EA0301704700FA03F14FF00000FB
:1020E00070475FEA400C08BF91F0000F4FEA8C2365
:1020F0004FEAC12243EA51514FEA1C5018BF00F584
:10210000F0404FEA300018BF41F000415FEA6C5CDC
:1021100000F02980BCF1FF3F08BF40F080407047CD
:10212000130C06BF12044FF0100C4FF0000C130EEE
:1021300004BF12020CF1080C130F04BF12010CF1C2
:10214000040C930F04BF92000CF1020CD30F04BFD8
:1021500052000CF1010C11464FF00002A0F11F00DB
:10216000A0EB0C00704711F0004F08BF704731F032
:1021700000413FF4D5AF0B0C06BF09044FF0100C23
:102180004FF0000C0B0E04BF09020CF1080C0B0FF2
:1021900004BF09010CF1040C8B0F04BF89000CF182
:1021A000020CCB0F04BF49000CF1010CCCF1200351
:1021B000A0EB0C0022FA03F302FA0CF241EA03014D
:1021C00000F10100704720F07F4C80EA030023F00B
:1021D0007F47ACEB070303F57C5300F0004003F1AD
:1021E000FF032DE980494FEA154B09B44FEA144328
:1021F00025EA0B4E24EA03480FF2042606EB1327C8
:1022000049083E785FEA320203FB0667C7F500071C
:1022100007FB06F64FEA54374FEAD64606F10206A8
:1022200007FB066CCCF1005C4FEA1C472CEA074C1C
:1022300007FB06F40CFB06F504EB15464FEA961671
:1022400034BF00204FF000404FEAD13706FB07FCB7
:102250004FEA1C4C0CFB0BF7D21B03FB0CF761EB9A
:1022600007010CFB0EF7B0EB074072EB17420CFBBB
:1022700008F734BFA2EB0742B2EB074261EB17410C
:102280004FEA0C444FEA910706FB07FC4FEA1C4C4F
:102290000CFB0BF7B0EBC74072EB573203FB0CF7AC
:1022A00034BFA2EBC742B2EBC74261EB57310CFB24
:1022B0000EF7B0EBC70072EB57720CFB08F734BF98
:1022C000A2EBC702B2EBC70261EB5771039F4FEA63
:1022D000816141EA921104EBCC044FEAD1374FEA15
:1022E000826206FB07FC42EA90124FEA80604FEAE6
:1022F0001C4C0CFB0BF7D21B03FB0CF761EB07012B
:102300000CFB0EF7B0EB074072EB17420CFB08F723
:1023100034BFA2EB0742B2EB074261EB17414FEA31
:102320008C554FEA910704EB9C2406FB07FC4FEA0F
:102330001C4C0CFB0BF7B0EBC74072EB573203FBA6
:102340000CF734BFA2EBC742B2EBC74261EB573187
:102350000CFB0EF7B0EBC70072EB57720CFB08F7E3
:1023600034BFA2EBC702B2EBC70261EB577115EBAA
:102370004C254FEA816141EA92114FEA82624FEAAD
:10238000D13742EA901206FB07FC44F100044FEA01
:1023900080604FEA1C4C0CFB0BF7D21B03FB0CF7C5
:1023A00061EB07010CFB0EF7B0EB074072EB174235
:1023B0000CFB08F734BFA2EB0742B2EB074261EB1C
:1023C000174115EB1C154FEA813141EA92414FEA62
:1023D000823242EA90424FEA80304FEA0C7644F172
:1023E000000448EA03434EEA0B484FF0000EB2EBFC
:1023F000080C71EB030724BF624639464EEB0E0E04
:102400004FF0000B0018524149414BEB0B0BB2EB64
:10241000080C71EB03077BF1000B24BF62463946C1
:102420004EEB0E0E4FF0000B0018524149414BEBA2
:102430000B0BB2EB080C71EB03077BF1000B24BF15
:10244000624639464EEB0E0E51EA020718BF46F0BF
:10245000010616EB0E7655F1000254F1000103D58A
:10246000BDE88901BDE80088BDE88901BDE80048F4
:10247000B619524141EB0101A3F10103704780807D
:102480007F7E7D7C7B7A79787776767574737271CE
:1024900071706F6E6E6D6C6C6B6A6A696868676686
:1024A00066656464636362616160605F5F5E5E5D18
:1024B0005D5C5C5B5B5A5A5959585857575656558C
:1024C00055555454535352525251515050504F4FEE
:1024D0004F4E4E4D4D4D4C4C4C4B4B4B4A4A4A493E
:1024E0004949484848474747474646464545454481
:1024F0004444444343434342424242414141000039
:1025000046EA0646A3F570534FEA164646EA425697
:102510004FEAD22242EA415210B54FEAD121A3F14B
:10252000010300F02FF820F0004000F1020C00F051
:10253000004701EB00501146BCF5006F40EA070070
:1025400000D210BDBAF1000F0AD01CB503B44FF091
:1025500004004FF004014FF000000FBCBDE8104034
:102560004FF00001BBF1010FB9BF04484FF0FF313C
:102570000348002140EA070010BD00BFFFFFEF7FC6
:102580000000F07F002B9C4630D477002BD01CB588
:102590004FEA370703B44FF010004FF01001BAF1C3
:1025A000000F06D0BCF1000FDCBF40F0080040F087
:1025B00008014FF000000FBCBDE810400BF1010B0B
:1025C000BBF1010F08BF5FEA170722BF12F101023A
:1025D00011F101014FF0004143F1000300F0004010
:1025E00043EA00007047F9D35708D0E746EA0646A9
:1025F00013F1400F4FEA16461FDD13F1200FDFBF26
:1026000016430A46002120335B42BED0C3F12007A7
:1026100046EA064602FA07F74FEA164646EA070672
:10262000C3F1200722FA03F201FA07F721FA03F1B6
:102630004FF0000342EA0702A7E746EA020646EA2D
:1026400006464FEA164646EA0106BCBF46EA06467B
:10265000360C4FF000034FF000024FF0000194E7FA
:102660002DE9804C9A46934670B491E8380007C82B
:1026700031EA400C48BF34EA430C03D5FFF7A3FD11
:10268000FFF780FFF0BCBDE8008C2DE9804C9A4636
:10269000934670B491E8380007C831EA400C48BF4F
:1026A00034EA430C03D5FFF78EFDFFF729FFF0BC9A
:1026B000BDE8008C2DE9804C9A46934670B491E8B1
:1026C000380007C810F0804F08BF13F0804F03D1C7
:1026D00000F01AF8FFF756FFF0BCBDE8008C2DE9BA
:1026E000804C9A46934670B491E8380007C810F0C1
:1026F000804F08BF13F0804F03D100F005F8FFF7BB
:10270000FFFEF0BCBDE8008C20F07F4780EA0300AC
:1027100023F07F4C07EB0C03A3F57C5300F0004043
:10272000A3F1FE0392F0000F00F0B38095F0000FCC
:1027300000F077802DE901494FEA11404FEA144635
:1027400021EA004800FB06FC24EA064708FB06F6DF
:1027500007FB08F800FB07F718EB06484CEB164C94
:102760004FEA124B18EB07484FEA15464CEB17405F
:1027700022EA0B4E0BFB06FC25EA06470EFB06F68B
:1027800007FB0EFE0BFB07F71EEB064E4CEB164C41
:102790004FF000061EEB074E4CEB174B18EB0B08E7
:1027A00040F1000018EB0E0B58EB000840F1000060
:1027B0008F1A4FF000013CBFC943661B14BFB5EB35
:1027C000040C00213CBFC943F61B4FEA17444EEAF4
:1027D0008E0E27EA04454FEA1C4704FB07622CEAE9
:1027E000074C05FB07F70CFB05F604FB0CFC16EB8E
:1027F000074642EB174216EB0C4642EB1C421BEB22
:10280000060658EB0202414146EA9E0601D5BDE8A4
:102810000189B619524141EB0101A3F10103BDE861
:1028200001894FEA14454FEA114724EA054621EA97
:10283000074C05FB07F406FB07F70CFB06F105FB4D
:102840000CFC11EB074144EB17444FEA124711EB24
:102850000C4144EB1C4422EA074C05FB07F206FB43
:1028600007F70CFB06F605FB0CFC16EB074642EBE4
:10287000174216EB0C4642EB1C456A1854F1000156
:1028800048BF7047B619524141EB0101A3F1010362
:10289000704795F0000F37D04FEA11424FEA1447C6
:1028A00021EA024624EA074C02FB07F106FB07F780
:1028B0000CFB06F402FB0CFC14EB074441EB174144
:1028C0004FEA154714EB0C4441EB1C4125EA074C39
:1028D00002FB07F506FB07F70CFB06F602FB0CFCF8
:1028E00016EB074645EB174516EB0C4645EB1C422D
:1028F000121951F1000148BF7047B619524141EB1E
:102900000101A3F1010370474FEA14454FEA114753
:1029100024EA054621EA074C05FB07F106FB07F709
:102920000CFB06F24FF0000605FB0CFC12EB074215
:1029300041EB174112EB0C4251EB1C4148BF704771
:10294000921841EB0101A3F10103704710B5014654
:10295000806B026C12F0500F05D0026CD20626D5A7
:1029600002F0FAFE10BD016C41F4007101640168CF
:102970008A6812F0405F17D1027EAAB9CA6A12F4BF
:10298000700F02D08A6852050ED44A6822F02002E5
:102990004A60016C21F480710164016CC90403D4A4
:1029A000016C41F00101016402F0D4FE10BD806BA6
:1029B000C26CBDE810400846104710B5806B40213E
:1029C0000164416C41F00401416402F0C5FE10BD98
:1029D00010B5806B02F0BFFE10BD0000464910B577
:1029E0004A6822F440324A604A6843681A434A609F
:1029F00001684A6822F480724A6001684A68036983
:102A000042EA03224A6001684A6822F040724A6042
:102A100001684A6883681A434A6001688A6822F438
:102A200000628A6001688A68C3681A438A60816AA2
:102A30006FF07062D14201688A6822F070628A6029
:102A400001688A680CD0836A1A438A6001688A68C0
:102A500022F040528A6001688A68C36A1A4301E022
:102A600022F040528A6001688A6822F002028A607D
:102A700001688A68037E42EA43028A6090F8201067
:102A8000002901684A680FD042F400624A60016878
:102A90004A6822F460424A6001684A68174C436AF7
:102AA00004EB43331A4301E022F400624A600168F8
:102AB000CA6A22F47002CA620168CA6A838B104C27
:102AC00004EB03531A43CA6201688A6822F4007255
:102AD0008A6001688A6890F8303042EA43228A604E
:102AE00001688A6822F480628A6001688A684069A5
:102AF00042EA8020886010BD0023014000E0FFFF13
:102B00000000F0FF10B5044604A0FDF743FC0020D0
:102B10002070E087A4F8400010BD00005B415554D0
:102B20004F54554E455D2041626F7274656420625A
:102B30007920757365722E0D0A00000000210A4687
:102B40004254491C5C29FBD302707047007828B1BD
:102B5000062803D0072801D00120704700207047C5
:102B60002DE9F0432DED028B0446007887B0F0EE9E
:102B7000608A0D4648B1062807D0072805D00020F6
:102B800007B0BDEC028BBDE8F083002D01DA002513
:102B900002E0032D00DD032518EE900A5849884213
:102BA00002DADFED588A06E018EE900AB0F1804FA5
:102BB00001DDF0EE008AB5EEC00AF1EE10FA02DB9C
:102BC000B0EE408A01E0B1EE408A18EE100AB0F192
:102BD0007C5F01DAB6EE008A18EE100A84ED028AF4
:102BE00049496561C4ED068A884201DA782013E01C
:102BF000F0EE480A10EE900A4449884201DAB42007
:102C00000AE0F0EE480A10EE900A4149884201DAE3
:102C1000FA2001E04FF4AF70DFED3E0AA0813E499B
:102C200068EE200A10EE900AB0F17F5F02DAF7EE4C
:102C3000080A05E010EE900A884201DDF3EE040A6E
:102C4000C4ED040ADFED350A0020C4ED070AC4ED27
:102C5000080AC4ED090A84F82800B5EEC00AE0624B
:102C60002063F1EE10FAC4ED0D0AC4ED0E0A01DB8B
:102C7000012101E04FF0FF3184F83C10E087A4F817
:102C80004000C4ED120AC4ED110AC4ED150AC4EDEA
:102C9000140AC4ED130AA0650120207003F07CF92A
:102CA000606018EE900A06F079FF9FED1D0A9FED17
:102CB0001D1A064628EE000A0F46C0EE010A9FEDD7
:102CC0001A1A80EE810A10EE100A06F067FF80469D
:102CD000894618EE100A06F061FF41EC100BCDE9B1
:102CE0000467A08953EC102BCDE902500F48CDE9C1
:102CF0000089FDF74FFB0EA0FDF74CFB01203FE7DD
:102D00009A99993E9A99993E0000A040000070411E
:102D100000007042CDCCCC3D0000A041000000007E
:102D20000050C347006C2C4600007A44B8A000084D
:102D30005B4155544F54554E455D20416363656C6E
:102D4000207068617365202D2064726976696E67F2
:102D500020746F77617264207461726765742E2EBF
:102D60002E0D0A00082815D2DFE800F00406080A34
:102D70000C0E101208A0704709A070470AA07047F7
:102D80000CA070470DA070470EA070470FA07047B1
:102D900010A0704711A0704749444C450000000046
:102DA000414343454C000000574149545F5354454B
:102DB0004144590052454C41590000004D45415392
:102DC00055524500434F4D5055544500444F4E45D4
:102DD000000000004552524F520000003F0000002A
:102DE0002DE9F0432DED068B044683B0B0EE408A0A
:102DF0000078C8B1062817D0072815D003F0CCF802
:102E0000616894ED021A0746401A78EE411A94ED73
:102E1000040A4FF00A08B0FBF8F5B4EEE10AF1EE4F
:102E200010FA07D2012010E003B00020BDEC068BA1
:102E3000BDE8F083F1EE400AF4EEE10AF1EE10FA9B
:102E400002DD4FF0FF3000E00020217807264FF030
:102E5000000901290BD005234FF07C5CF6EE002A17
:102E600003293AD004297DD0052935D139E1F0EE86
:102E7000080A94ED070A71EE601AB4EEE10AF1EE69
:102E800010FA04D230EE200A84ED070A01E084ED46
:102E9000071AA08994F93C1010FB01F0B4EEC81A8F
:102EA000E087F1EE10FAA4F840000DD8032020705E
:102EB000676084ED088A84ED098A84F828900221ED
:102EC000EA48C4F8309005E0B5F5967F04D926703D
:102ED000E7A103E1FDF75EFAD5E271EE000AF4EE38
:102EE000C80AF1EE10FA05D2A18994F93C204942B2
:102EF00051430BE031EE400AB4EEC80AF1EE10FA8D
:102F000007DDA18994F93C2011FB02F1E187A4F8C7
:102F10004010F5EEC01AF1EE10FA08DD94ED080A43
:102F2000B4EEC80AF1EE10FA01D284ED088AF5EE8B
:102F3000C01AF1EE10FA08D294ED090AB4EEC80AEC
:102F4000F1EE10FA01DD84ED098AC0B394F928107E
:102F5000814234D099B3216B491C216304292ADDB5
:102F6000CA0700E043E021D1E26ABA1AB2FBF8F2E4
:102F700002B9012294ED080AD4ED090A30EE602A64
:102F800012EE108AE04501DAB0EE622A00EE102A55
:102F9000D4ED0D0AB8EE400A30EE800A84ED0D0A39
:102FA00094ED0E0A30EE020A84ED0E0A84ED088AD2
:102FB00084ED098AE762102901DB2370676084F8D9
:102FC0002800206B042809DB2078032806D1042080
:102FD00020700621B0A06760FDF7DCF9B5F5FA7F37
:102FE0007AD9206B042877DA2670BAA176E071EEE0
:102FF000000AF4EEC80AF1EE10FA05D2A18994F99C
:103000003C20494251430BE031EE400AB4EEC80A7D
:10301000F1EE10FA07DDA18994F93C2011FB02F1D1
:10302000E187A4F84010F5EEC01AF1EE10FA08DDC1
:1030300094ED080AB4EEC80AF1EE10FA01D284ED5C
:10304000088AF5EEC01AF1EE10FA08D294ED090ADA
:10305000B4EEC80AF1EE10FA01DD84ED098AA0B3DE
:1030600094F92810814230D079B3226B521C22632C
:10307000D10721D1E16A791AB1FBF8F101B9012137
:1030800094ED080AD4ED090A70EE600A10EE908AF9
:10309000E04501DAF0EE620A00EE101A94ED0D1A26
:1030A000B8EE400A31EE000A84ED0D0A94ED0E0AE6
:1030B00030EE200A84ED0E0A84ED088A84ED098A38
:1030C000E762102A01DB2370676084F82800B5F5F9
:1030D000487F85D9267000E0D5E18AA194A0A1653A
:1030E000F8E694ED0D0AB1EE089A4FF07E5180EEAD
:1030F000098A94ED0E0AC0EE098AB7EE000A18EEAE
:10310000100A884201DAB0EE408A18EE900A88422E
:1031100001DAF0EE408AA089F1EE000A00EE100A12
:1031200068EEA29AB8EE400A20EE200ADFED860A89
:1031300018EE100A854969EEA00A884280EE201A2E
:1031400084ED111A84ED128A0EDA18EE100A06F0D8
:1031500025FD41EC100B3C20009053EC102B7C48DB
:10316000FDF718F984ED129AD4ED060A9FED790A5D
:1031700094ED111A20EE800A20EE010A84ED130A64
:10318000DFED751A60EEA11A21EE812AD4ED121A34
:10319000C2EE212AC4ED142A9FED702A60EE820A45
:1031A00060EE810AB2EE001A60EEA10AC4ED150AC3
:1031B0009FED6B9AF0EE490A05F005FD84ED130AC8
:1031C00094ED140AB0EE001A9FED668AF0EE480AFC
:1031D00005F0F9FC84ED140A94ED150AB7EE081A0F
:1031E000F0EE480A05F0EFFC84ED150A606904F082
:1031F00031FD9FED5DAA08B394ED130AB0EE4A8A43
:1032000080ED000A94ED140A80ED010A94ED150A90
:1032100080ED020A94ED020A20EE080A80ED030A0E
:10322000A18949080182616900291DD001291CD0AA
:10323000022901D0B6EE008A80ED058A4BA0FDF789
:10324000A9F8A18955A0FDF7A5F819EE900A06F096
:10325000A5FC05460E4618EE900A06F09FFC41ECD0
:10326000100B53EC102BABE015E117E1F89F0008B1
:1032700054696D656F75743A206D6F746F72206359
:10328000616E6E6F7420726561636820746573741B
:1032900020737065656400005B4155544F54554E72
:1032A000455D204D65617375726520706861736559
:1032B000202D20636F6C6C656374696E67202564D4
:1032C0002066756C6C206379636C65732E2E2E0DF1
:1032D0000A00000054696D656F75743A2072656C60
:1032E0006179206F7363696C6C6174696F6E2064BF
:1032F0006964206E6F742073746162696C697365B0
:103300000000000054696D656F75743A206D656149
:10331000737572656D656E74207068617365207475
:103320006F6F6B20746F6F206C6F6E670000000012
:103330005B4155544F54554E455D204552524F52B6
:103340003A2025730D0A0000DB0F49400000C04001
:1033500040A000089A99193F9A99993F9A99993DE6
:103360009A99993E0AD7A33CCDCCCC3E0D0A5B413D
:1033700055544F54554E455D203D3D3D3D3D3D200E
:1033800054554E494E4720434F4D504C45544520CF
:103390003D3D3D3D3D3D0D0A000000005B41555463
:1033A0004F54554E455D2052656C617920616D70BA
:1033B00020203A2025752050574D0D0A00000000AE
:1033C000CDE9005637A0FCF7E5FF94ED128AB2EE86
:1033D000040A28EE000A10EE100A06F0DFFB05468C
:1033E0000E4618EE100A06F0D9FB41EC100BCDE9A1
:1033F000005653EC102B3AA0FCF7CCFF606C06F0A3
:10340000CDFB41EC100B42A053EC102BFCF7C2FF9C
:10341000E06C06F0C3FB41EC100B48A053EC102B02
:10342000FCF7B8FF206D06F0B9FB41EC100B4BA088
:1034300053EC102BFCF7AEFF606D06F0AFFB41ECD8
:10344000100B4EA053EC102BFCF7A4FF94ED020AD6
:1034500020EE0A0A10EE100A06F0A0FB41EC100B59
:103460004EA053EC102BFCF795FF54A06169FCF7BC
:1034700091FF60A0FCF78EFF062020706760A4F823
:103480003E90A4F8409003B02046BDEC068BBDE80A
:10349000F043FFF75BBB9FED638ACDE6B0EE498A50
:1034A000CAE600005B4155544F54554E455D204FD0
:1034B000736320616D70202020203A20252E316614
:1034C0002070756C73657320706B2D706B202028D5
:1034D000252E31662068616C66290D0A0000000007
:1034E0005B4155544F54554E455D20506572696F90
:1034F0006420547520203A20252E3166207469639B
:103500006B732028252E3066206D73290D0A00006C
:103510005B4155544F54554E455D204761696E20BF
:103520004B75202020203A20252E32662050574D02
:103530002F70756C73650D0A000000005B415554D7
:103540004F54554E455D2054756E6564204B702078
:1035500020203A20252E33660D0A00005B41555489
:103560004F54554E455D2054756E6564204B69205F
:1035700020203A20252E33660D0A00005B41555469
:103580004F54554E455D2054756E6564204B642044
:1035900020203A20252E33660D0A00005B41555449
:1035A0004F54554E455D20696E74656772616C5F5E
:1035B0007365703A20252E31660D0A005B41555423
:1035C0004F54554E455D205A6F6E65202564207519
:1035D0007064617465642E202054797065205354A2
:1035E0004154555320746F207665726966792E0DAB
:1035F0000A0000005B4155544F54554E455D203D37
:103600003D3D3D3D3D3D3D3D3D3D3D3D3D3D3D3DEA
:103610003D3D3D3D3D3D3D3D3D3D3D3D3D3D3D0D0A
:103620000A0D0A00CDCC4C3E0A220249024802F0A3
:103630003BB90000540600207002002000211D4A02
:10364000084600BF52F8203011FA83F1401C0A28C6
:10365000F8DB00EE101AB2EE041A1949F8EE400A2F
:1036600080EE810ADFED140A20EE200ADFED130A56
:1036700020EE200AF1EE080A60EE200AB2EE080AF7
:1036800010EE900AB0F1824F03DB10EE900A8842F0
:1036900001DDF0EE400A0B489FED0B1A90ED000A99
:1036A00020EE010A9FED091A00EE810A80ED000A62
:1036B0007047000054060020000080393333534027
:1036C00000007041580000206666663FCDCCCC3DBE
:1036D00008B5084900E000BF0A681206FBD548603B
:1036E00000200090044800BF0099491C00918142CD
:1036F000F9D308BD00100140400D0300FEE70000B3
:1037000010B504463C21FDF755F99FED1B0AF3EE79
:103710000E0A84ED000AB0EE080A84ED010A9FED5E
:10372000170A002084ED020AB1EE040A84ED030AB0
:103730009FED130A84ED040AC4ED050ADFED110ABA
:10374000C4ED060AF0EE000AC4ED070AF2EE000A24
:10375000C4ED080ADFED0C0AC4ED090A84ED0A0A7B
:1037600084ED0B0A84F8300084F831006086A0866E
:10377000E086208710BD00000AD7A33B52B87E3FE9
:10378000000000000AD7A33CCDCC4C3E90ED040ACB
:10379000F6EE000A002120EE200A80ED040A9FEDDB
:1037A000050A80ED0A0A80ED0B0A80F8301080F8D7
:1037B00031107047000000002DE9F04704462DED60
:1037C000088B16468846B0EE61BAF0EE41BA008F1B
:1037D000F0EE609A401CB0EE40AA2087DFEDAFAA61
:1037E0000020C4ED0AAAC4ED0BAA84F8300084F8C6
:1037F000310091ED008AD6ED008A38EE680A05F0B6
:1038000020FA10EE100A4FF00109B0F17F5F01DDE0
:1038100084F83090B0EE480A05F013FAB0EE409A02
:10382000B0EE680A05F00DFAB4EEC09AF1EE10FAA7
:1038300001DDB0EE490A10EE105A3AEE699A94F89A
:1038400030004FF07C5790BBBD423FDD94ED040A41
:10385000D4ED020A30EE090A20EE200A84ED040AB3
:1038600005F0EFF9D4ED030AF4EEC00AF1EE10FA18
:1038700036D230EE600AD4ED000A94ED011A20EE43
:10388000800AF0EE6A0A05F0AEF9D4ED040AF5EE0E
:10389000C00AF1EE10FAD4ED0A0A09DD70EEC00A92
:1038A000C4ED0A0AD4ED0B0A30EE800A08E00DE000
:1038B00070EE800AC4ED0A0AD4ED0B0A30EEC00A9D
:1038C00084ED0B0A608E401C608609E0BD4207DC77
:1038D00094ED040ADFED720A20EE200A84ED040A5A
:1038E00094F8300038B194ED040ADFED6E0A20EE52
:1038F000200A84ED040A3BEECBBAB0EE4B0A05F089
:10390000A0F9D4ED050AF4EEC00AF1EE10FA27D2C0
:1039100030EE600AD4ED060A94ED071A20EE800A14
:10392000F0EE6A0A05F05FF994F8300018B1F6EE8F
:10393000000A20EE200AB5EEC0BAF1EE10FA06DD5C
:10394000D4ED0B0A30EEC00A84ED0B0A05E0D4ED8D
:103950000A0A30EEC00A84ED0A0AA08E401CA08636
:1039600094F83000B8BBBD4235DDB0EE490A05F031
:1039700068F9D4ED080AF4EEC00AF1EE10FA2AD282
:103980003AEE480A05F05DF9F0EE40AA39EEE80A91
:1039900005F057F9F0EE400AF4EEE0AAF1EE10FA65
:1039A00094ED090A0ADD79EECA0A20EE200AD4ED68
:1039B0000A0A30EE800A84ED0A0A07E020EE090ABE
:1039C000D4ED0B0A30EE800A84ED0B0A84F83190B6
:1039D000E08E401CE08694ED010A94ED071AB4EEE7
:1039E000C10AF1EE10FA01DDB0EE401A94ED0A0AB8
:1039F000B0EE419AF1EE490AF0EE609A05F0F3F864
:103A000084ED0A0A94ED0B0AB0EE491AF0EE690A49
:103A100005F0E9F884ED0B0AD4ED0A0A18EE100A55
:103A200030EE280A70EE880A4FF03F41BEEE001AD1
:103A3000B84204DDF5EEC00AF1EE10FA08D318EE34
:103A4000100A88420AD9F5EEC00AF1EE10FA05DD37
:103A500068EE010AC4ED0A0A70EE880A18EE900AB0
:103A6000B84204DDB5EEC00AF1EE10FA08D318EE44
:103A7000900A88420AD9B5EEC00AF1EE10FA05DDC7
:103A800028EE810A84ED0B0A30EE280AC8ED000A00
:103A900086ED000ABDEC088BBDE8F0870000000051
:103AA0006666663F48E17A3F10B51CA0FCF772FCE1
:103AB00023A0FCF76FFC27A0FCF76CFC32A0FCF7FE
:103AC00069FC3EA0FCF766FC46A0FCF763FC50A036
:103AD000FCF760FC53A0FCF75DFC60A0FCF75AFC0F
:103AE00068A0FCF757FC6AA0FCF754FC77A0FCF731
:103AF00051FC83A0FCF74EFC8AA0FCF74BFC96A07F
:103B0000FCF748FCA1A0FCF745FCA3A0FCF742FC95
:103B1000BDE81040AAA0FCF73DBC000020203D3DC0
:103B20003D3D3D2053544D3332204465627567203E
:103B3000436F6E736F6C65203D3D3D3D3D0D0A004A
:103B400020204D6F746F7220436F6E74726F6C3AE9
:103B50000D0A0000202020204C3C76616C75653EEB
:103B600020202020202020202020736574206C65D8
:103B70006674202073706565642028652E672E208A
:103B80004C313030290D0A0020202020523C766133
:103B90006C75653E20202020202020202020736589
:103BA0007420726967687420737065656420286585
:103BB0002E672E2052323030290D0A00202020207E
:103BC0004C52203C4C3E203C523E202020202020C5
:103BD000202073657420626F74682073706565645B
:103BE000730D0A002020202053544F502020202005
:103BF0002020202020202020202073746F7020623D
:103C00006F7468206D6F746F72730D0A000000008E
:103C10002020504944204175746F2D54756E653ACB
:103C20000D0A00002020202054554E45203C6D6D8B
:103C30005F733E205B435D2020206175746F2D749F
:103C4000756E65205049442028652E672E205455F6
:103C50004E4520333030290D0A000000202020205E
:103C600054554E452053544F5020202020202020D2
:103C7000202061626F72742074756E696E670D0A20
:103C8000000000002020496E666F3A0D0A00000017
:103C90002020202053544154555320202020202000
:103CA0002020202020207072696E7420766F6C7442
:103CB0006167652F73706565642F50574D2F7A6F5C
:103CC0006E65206761696E730D0A00002020202058
:103CD000494E464F20202020202020202020202038
:103CE00020207072696E7420636869702F66697233
:103CF0006D7761726520696E666F0D0A00000000C5
:103D00002020555341525432205465737420285258
:103D1000444B2058352070726F746F636F6C293A72
:103D20000D0A00002020202054455354203C4C3ED6
:103D3000203C523E20202020202073656E6420739A
:103D400070656564206672616D65206F6E205553E5
:103D5000415254320D0A00002020202053454E4489
:103D6000203C6865783E202020202020202073659C
:103D70006E6420726177206279746573206F6E20A3
:103D80005553415254320D0A0000000020204F7458
:103D90006865723A0D0A00002020202048454C50EA
:103DA000206F72203F2020202020202020207368B8
:103DB0006F7720746869732068656C700D0A000065
:103DC00020203D3D3D3D3D3D3D3D3D3D3D3D3D3D5D
:103DD0003D3D3D3D3D3D3D3D3D3D3D3D3D3D3D3D13
:103DE0003D0D0A002DE9F04186B005A9684602F0B4
:103DF000ABF902F0EFF9074602F0C6F9064602F009
:103E0000C9F9804602F0D6F905461E4800688003CD
:103E100001D51DA407E01B4808300068400701D504
:103E20001FA400E01FA42AA0FCF7B4FA2FA0FCF7FF
:103E3000B1FA38A0FCF7AEFA3CA0FCF7ABFA214689
:103E400043A0FCF7A7FA464C46A0B7FBF4F1FCF7F9
:103E5000A1FAB6FBF4F149A0FCF79CFAB8FBF4F127
:103E60004CA0FCF797FAB5FBF4F150A0FCF792FADE
:103E700054A0FCF78FFA60A0FCF78CFA06B0BDE8FE
:103E8000F0810000003802404853452028657874CE
:103E900065726E616C206372797374616C290000C5
:103EA000485345004853492028696E7465726E6115
:103EB0006C2031364D487A202D20485345206661CC
:103EC000696C6564206F7220616273656E7429008D
:103ED00020203D3D3D3D3D2053595354454D204903
:103EE0004E464F203D3D3D3D3D0D0A00202043689C
:103EF00069703A2020202053544D333246343037F5
:103F00005A4754782028436F727465782D4D3429B0
:103F10000D0A00002020466C6173683A2020203191
:103F2000303234204B420D0A000000002020524164
:103F30004D3A2020202020313932204B4220283198
:103F400032382B36342043434D290D0A000000003F
:103F50002020436C6F636B3A20202025730D0A00EC
:103F600040420F002020535953434C4B3A20202508
:103F70006C75204D487A0D0A00000000202048434F
:103F80004C4B3A20202020256C75204D487A0D0A94
:103F900000000000202050434C4B313A20202025C7
:103FA0006C75204D487A0D0A000000002020504317
:103FB0004C4B323A202020256C75204D487A0D0A52
:103FC0000000000020204657205665723A202076D7
:103FD000312E3320285049442B444F422B43545315
:103FE0002B4175746F54756E652B426174436F6D10
:103FF00070290D0A0000000020203D3D3D3D3D3D63
:104000003D3D3D3D3D3D3D3D3D3D3D3D3D3D3D3DE0
:104010003D0D0A0070B5A2B00025209500E0401CBF
:1040200001782029FBD004466E4621E0641C2078EC
:104030002028FBD010F0FF001ED08DF8800014F86F
:10404000010FC8B18DF88100102221A920A8641C9D
:10405000FCF7ECFB219A0DF182018A4205D020A9E0
:1040600015A0FCF797F922B070BD70556D1CADB26C
:10407000207808B1802DDAD34DB12946684604F086
:1040800051FC294614A0FCF785F9002406E01AA08B
:104090000EE0315D25A0FCF77DF9641CAC4201DA2D
:1040A000202CF6DB202D02D922A0FCF773F909A001
:1040B000FCF770F9D7E7000020205B4552525D20E5
:1040C000496E76616C6964206865782062797465F0
:1040D0003A2025730D0A000020205B53454E445DB5
:1040E000202564206279746573206F6E20555341DA
:1040F0005254323A0000000020205B4552525D20AD
:104100004E6F206461746120746F2073656E642E3D
:104110002055736167653A2053454E44203C6865DD
:10412000782062797465733E0D0A000020253032D4
:1041300058000000202E2E2E000000002DE9F04F28
:104140002DED028B8BB0AFA0FCF724F9B34E96EDAA
:10415000000A10EE100A05F021FDB14F04460D468D
:1041600097ED000A10EE100A05F018FD41EC100B57
:10417000ACA053EC102BCDE90045FCF70BF9B04D8A
:10418000B04CB1A02A682168FCF704F920682968BE
:1041900008430FD197ED000AB5EEC00AF1EE10FA10
:1041A00006D196ED000AB5EEC00AF1EE10FA01D084
:1041B000ABA000E098A0FCF7EDF8B248006805F06D
:1041C000EDFC0446B0480D46006805F0E7FC41EC04
:1041D000100BAEA053EC102BCDE90045FCF7DAF83C
:1041E000B448006805F0DAFC0446B3480D460068A0
:1041F00005F0D4FC41EC100BB0A053EC102BCDE932
:104200000045FCF7C7F8B94EF06A05F0C7FCB84F97
:1042100004460D46F86A05F0C1FC41EC100BB5A050
:1042200053EC102BCDE90045FCF7B4F8B06C05F069
:10423000B5FC04460D46B86C05F0B0FC41EC100B23
:10424000B6A053EC102BCDE90045FCF7A3F801F024
:10425000EFF8044601F080F801462246B9A0FCF7C9
:1042600099F8DFF81483D8F82C0005F097FC06467F
:104270000F46D8F8280005F091FC04460D46D8F802
:10428000100005F08BFC41EC100BB8F83410B8F8B6
:104290003600B8F83220CDE9042106908DE8F00010
:1042A00053EC102BB5A0FCF775F8C348DFEDC30A3B
:1042B0000568B5F1824F02DD01EE105A01E0B0EE63
:1042C000601A80EE810A10EE100A05F067FC0646BF
:1042D0000F46284605F062FC41EC100BB8A053ECE9
:1042E000102BCDE90067FCF755F801F055FE0146AB
:1042F000BDA0FCF74FF8C1484168C1A0FCF74AF8DF
:10430000C9484168C9A0FCF745F8D348FEF71EFC30
:10431000D14C98B1A06805F041FC41EC180B207815
:10432000FEF720FD0146206B53EC182B00EBD070FC
:1043300040100090C9A0FCF72DF807E0207806286F
:104340003FD0072857D0D1A0FCF724F8002083469F
:1043500003F070FC0446406905F020FC07468846DF
:10436000E06805F01BFCCDE90001A06805F016FC33
:1043700081468A46606805F011FC05460E462068B5
:1043800005F00CFCCDE9087841EC100B208A069072
:10439000DDE90001CDE904018DE8600653EC102B46
:1043A0005946BF48FBF7F6FF0BF10100834604288E
:1043B000CEDB0BB0BBA0BDEC028BBDE8F04FFBF732
:1043C000E9BFA046606D05F0E9FB06460F46D8F848
:1043D000500005F0E3FB04460D46D8F84C0005F00C
:1043E000DDFB8DE8F00041EC100BB4A053EC102B7A
:1043F000FBF7D0FFAAE7A16D01B9BBA1BCA0FBF7F9
:10440000C9FFA3E720203D3D3D3D3D20535441548D
:104410005553203D3D3D3D3D0D0A00008C000020E0
:104420008800002020205461726765743A20204C77
:104430003D252E30662020523D252E30660D0A0087
:1044400004000020000000202020456E636F64659A
:10445000723A204C3D25642020523D2564202000E6
:10446000284E4F20454E434F444552202D20505753
:104470004D2077696C6C207361747572617465216D
:10448000290D0A000C0000200800002020205057B1
:104490004D206F75743A204C3D252E3066202052F9
:1044A0003D252E30662020284152523D3939392988
:1044B0000D0A000014000020100000202020444FAE
:1044C00042206573743A204C3D252E3066202052E0
:1044D0003D252E30662020286469737475726261F0
:1044E0006E63652050574D290D0A000054010020CD
:1044F0000001002020204672696374696F6E3A20C3
:104500004C3D252E30662020523D252E3066202041
:10451000286C6561726E6564290D0A0020204B5F6E
:10452000616363656C3A20204C3D252E3366205232
:104530003D252E33662028616363656C204646293D
:104540000D0A000020204F75746C696572733A2063
:104550004C3D25642020523D2564202028656E6353
:104560006F64657220676C6974636820636F756E31
:10457000746572290D0A0000340200202020435483
:10458000533A2020202020207961773D252E316666
:1045900020626961733D252E31662F252E316620FC
:1045A000206576743A20593D256420423D256420DB
:1045B000433D25640D0A0000180000209A994941E6
:1045C0002020426174746572793A20252E3266206B
:1045D00056202028636F6D70207363616C653A20EC
:1045E000252E3266290D0A002020557074696D65EC
:1045F0003A2020256C75206D730D0A0004050020FB
:1046000020205553415254313A2020256C752062A8
:1046100061756420287468697320636F6E736F6CB2
:1046200065290D0A000000004C050020202055538C
:10463000415254323A2020256C7520626175642005
:10464000444D41202852444B2058352070726F74DD
:104650006F636F6C290D0A00A801002020204175AE
:10466000746F54756E653A202573207C20746774CE
:104670003D252E316620702F7469636B202063798D
:10468000636C65733D25640D0A00000020204175B0
:10469000746F54756E653A2069646C650D0A00008C
:1046A000B49F000820203D3D3D3D3D3D3D3D3D3D0D
:1046B0003D3D3D3D3D3D3D3D0D0A00002020417505
:1046C000746F54756E653A20444F4E4520204B70F0
:1046D0003D252E3366204B693D252E3366204B64E5
:1046E0003D252E33660D0A00756E6B6E6F776E007A
:1046F00020204175746F54756E653A204552524FB3
:1047000052202D2025730D0A0000000030B587B01F
:1047100005B2AA208DF80C0055208DF80D008120DF
:104720008DF80E0004208DF80F000CB28DF810509B
:10473000280A8DF811008DF81240200A8DF8130018
:1047400006210DF10E0004F05EFA010A8DF8141036
:104750008DF815000A2103A804F0E4F80DA0FBF77A
:1047600019FE9DF813009DF815209DF814108DE892
:1047700007009DF812309DF811209DF810100FA031
:10478000FBF708FE224629461AA0FBF703FE07B0F6
:1047900030BD000020205B544553545D2053656EAE
:1047A000742052444B205835206672616D65206F2D
:1047B0006E205553415254323A0D0A0020202020D9
:1047C0002020202020414120353520383120303430
:1047D00020253032582025303258202530325820BC
:1047E00025303258202530325820253032580D0AD5
:1047F0000000000020202020202020202053706571
:1048000065643A204C3D256420523D25640D0A0024
:1048100010B52DED028B82B0044600E0641C2078B8
:104820002028FBD0042259A12046FCF756F8A8B155
:10483000042258A12046FCF750F878B15748FEF7FB
:1048400085F9B0B155480078FEF78CFA0146544816
:10485000FBF7A0FD02B0BDEC028B10BD4F48FEF788
:1048600075F920B14D48FEF74DF94EA084E055A0F2
:1048700082E000200090B7EE000A8DED010A01AB46
:104880006A465AA12046FBF70DFF012802DB00987B
:1048900000280DDC57A0FBF77DFD64A0FBF77AFD37
:1048A00071A0FBF777FD80A0FBF774FD8EA063E09D
:1048B00000EE100AB8EEC00ADFED970A20EE208A5B
:1048C00018EE100AB0F1804F01DA00240EE018EE65
:1048D000100A9249884201DA012407E018EE100A12
:1048E0008F49884201DA022400E003249FED8D0AFB
:1048F0008D4880ED000A8D4880ED000A8C4803F059
:10490000E9F98C4803F0E6F900F03EFE8A48FEF72C
:104910003DFF8AA0FBF73EFD18EE100A05F03EF9B8
:1049200041EC100B8EA053EC102B0099FBF732FDDD
:10493000002C24D0012C24D0022C24D094A2214677
:1049400095A0FBF727FD019805F028F941EC100B25
:1049500098A053EC102BFBF71DFD9F48FBF71AFDA9
:10496000DDED010A2146B0EE480A0C48FEF7F8F8E2
:1049700000287FF46FAF99A0FBF70CFD6AE703A254
:10498000DDE7A2A2DBE7A2A2D9E7000053544F5013
:104990000000000073746F7000000000A801002088
:1049A0006C9F000820205B4F4B5D204175746F2D7C
:1049B00074756E696E672061626F727465642E0D26
:1049C0000A00000020205B494E464F5D204175746F
:1049D0006F2D74756E6572206973206E6F7420720E
:1049E000756E6E696E672E0D0A0000002564202525
:1049F0006600000020205B4552525D2055736167C0
:104A0000653A2054554E45203C73706565645F6D72
:104A10006D5F733E205B636F6E7365727661746960
:104A200076656E6573735D0D0A00000020202020FE
:104A300020202020652E672E2054554E45203330EF
:104A400030202020202020202D2074756E652061CC
:104A50007420302E33206D2F7320287374616E64A0
:104A6000617264290D0A00002020202020202020CF
:104A7000652E672E2054554E452036303020302E7E
:104A8000352020202D2074756E6520617420302E15
:104A900036206D2F732028636F6E73657276617494
:104AA000697665290D0A0000202020202020202082
:104AB000652E672E2054554E452033303020312E40
:104AC000352020202D2074756E6520617420302ED5
:104AD00033206D2F73202861676772657373697661
:104AE00065290D0A00000000202020202020202021
:104AF000652E672E2054554E452053544F5020208C
:104B0000202020202D2061626F72742074756E69E0
:104B10006E670D0A000000002EFFE13D00007041AD
:104B20000000704200000000880000208C0000207F
:104B300000010020540100203402002020205B549A
:104B4000554E455D205374617274696E67206175BE
:104B5000746F2D74756E652E2E2E0D0A00000000E8
:104B600020202020202020202053706565643A20DA
:104B70002564206D6D2F73203D20252E3166207019
:104B8000756C7365732F31306D730D0A0000000072
:104B900048494748000000002020202020202020F5
:104BA000205A6F6E653A20256420282573290D0A46
:104BB00000000000202020202020202020436F6EB5
:104BC0007365727661746976656E6573733A2025D4
:104BD0002E31660D0A000000289F000820205B454A
:104BE00052525D204661696C656420746F20737455
:104BF000617274206175746F2D74756E65722028F2
:104C0000627573793F292E0D0A0000004C4F570042
:104C10004D454400014800F04FBF000094050020BE
:104C2000014800F049BF0000F4050020014800F0F1
:104C300043BF000000030020014800F03DBF00001A
:104C400044040020014800F037BF0000A404002005
:104C500001681823CAB2103AB2FBF3F2054B6FF3A6
:104C60000901032A9B5CC36500D9091D81650846BB
:104C700070470000A09D000810B5014600208B6918
:104C80008A6A4FF0C07453B1B3F5005F15D072B1AA
:104C9000012A0CD0022A0AD0032A09D104E01AB151
:104CA000012A06D0022A03D1C96AC90100D5012010
:104CB00010BDC96AA142FAD010BD002AF7D0012A5E
:104CC000F2D0022AF3D0032AF3D010BD30B5046825
:104CD000256825F480252560046863608368402B7F
:104CE000036803D099600068C26030BD9A600068B4
:104CF000C16030BD10B504462DED048BB0EE418A85
:104D0000F0EE608AB0EE409A1821FBF753FE19EEE0
:104D1000101A1148814201DC9FED109A18EE901A8A
:104D200084ED009A814201DCDFED0D8A18EE101A45
:104D3000C4ED018A814201DC9FED0A8A9FED0A0AD7
:104D400084ED028A84ED030A84ED040A84ED050AE9
:104D5000BDEC048B10BD00006F12833A0AD7A33D4F
:104D6000CDCC4C3D6666663F0000000090ED030A26
:104D7000DFED060A20EE200A80ED030A9FED040A0B
:104D800080ED040A80ED050A70470000CDCC4C3F51
:104D90000000000090ED041A90ED052A1D4A70EE07
:104DA000411A90ED001A21EE021A90ED012A71EEDF
:104DB000C11A90ED031A71EEC11A02EE211A11EE1A
:104DC000101A80ED031A914203DD9FED131A80ED56
:104DD000031A11EE101A114A914203D99FED101ACD
:104DE00080ED031A80ED040AC0ED050A90ED020A79
:104DF0000C4A0D4920EE010A10EE100A904202DD25
:104E00009FED0A0A704710EE100A8842FAD99FED0A
:104E1000080A70470000FA430000FA430000FAC392
:104E20000000FAC30000C8430000C8C30000C84324
:104E30000000C8C37047000010B5012206490748AA
:104E400002F01AF906A0FBF7A5FAFEF7CBFFBDE8C2
:104E50001040FEF729BE000092000020040500204B
:104E60001B5B324A1B5B4800F0B5974C93B06078EF
:104E700000287CD03F2295496846FBF7C2FD0025FB
:104E80008DF83F5065706C4600E0641C2078202847
:104E9000FBD021468EA0FBF77DFA04228EA120468E
:104EA000FBF71BFD8E4E8F4F00287CD004228EA175
:104EB0002046FBF712FD0028F7D003228CA12046E4
:104EC000FBF70BFD00286FD003228AA12046FBF7D9
:104ED00004FD0028F7D0042287A12046FBF7FDFC43
:104EE00000287DD0042286A12046FBF7F6FC00288E
:104EF000F7D0052284A12046FBF7EFFC002870D0F4
:104F0000052283A12046FBF7E8FC0028F7D0052204
:104F100081A12046FBF7E1FC002870D0052280A18A
:104F20002046FBF7DAFC0028F7D020784C2867D021
:104F30006C28FCD0522878D07228FCD006227AA1A6
:104F40002046FBF7CAFC002870D0062278A1204634
:104F5000FBF7C3FC0028F7D0042277A12046FBF71B
:104F6000BCFC002872D0042275A1204600E023E09A
:104F7000FBF7B3FC0028F5D0042273A12046FBF711
:104F8000ACFC002878D0042271A12046FBF7A5FCD8
:104F90000028F7D0012270A12046FBF79EFC0028D4
:104FA000F0D0204601E009E01EE0FBF777FC002886
:104FB00002D06AA0FBF7EEF913B0F0BD9FED730AC3
:104FC000734886ED000A87ED000A02F083FE7148FF
:104FD00002F080FE00F0D8FA6F48FEF7D7FB01E040
:104FE00025E028E06DA0E5E7109511AB10AA77A1A8
:104FF000E01C1195FBF756FB022804D001E02DE0E0
:1050000030E074A0D6E710997EA000EE101AB8EE3A
:10501000C00A86ED000A119A00EE102AB8EEC00A06
:1050200087ED000AFBF7B6F9C6E72FE043E0201D45
:10503000FFF7EEFBC0E7109511AB10AA63A1601D4E
:105040001195FBF72FFB022803D000E036E074A097
:10505000B0E7DDE91001FFF759FBADE7601DFEF792
:10506000D9FFA9E710AA7BA1601C1095FBF71AFBDA
:10507000012802D078A09DE723E0109982A000EEDD
:10508000101AB8EEC00A86ED000A11E010AA71A14C
:10509000601C1095FBF706FB012801D081A089E771
:1050A00010998CA000EE101AB8EEC00A87ED000A25
:1050B000FBF770F980E7FFF741F87DE7FEF792FE16
:1050C0007AE7FEF7F1FC77E790000020DC0600208D
:1050D0003E2025730D0A000053544F50000000007D
:1050E000880000208C00002073746F7000000000A6
:1050F0004C5220006C72200054554E4500000000B8
:1051000074756E6500000000544553542000000083
:10511000746573742000000053454E442000000065
:1051200073656E64200000005354415455530000D1
:105130007374617475730000494E464F000000009F
:10514000696E666F0000000048454C50000000008A
:1051500068656C70000000003F00000020205B4587
:1051600052525D20556E6B6E6F776E20636F6D6D62
:10517000616E642E20547970652048454C5020663D
:105180006F72206C6973742E0D0A0000000000001D
:1051900000010020540100203402002020205B4F39
:1051A0004B5D20426F7468206D6F746F7273207353
:1051B000746F7070656420285049442B4354532009
:1051C0007265736574290D0A0000000025642025AE
:1051D0006400000020205B4552525D2055736167DA
:1051E000653A204C52203C6C6566745F737065654F
:1051F000643E203C72696768745F73706565643EE5
:105200000D0A000020205B4F4B5D205461726765E2
:10521000743A204C3D25642020523D25640D0A003F
:1052200020205B4552525D2055736167653A2054DA
:10523000455354203C6C6566745F73706565643ECD
:10524000203C72696768745F73706565643E0D0A1F
:10525000000000002564000020205B4552525D20C4
:1052600055736167653A204C3C76616C75653E20EC
:105270002028652E672E204C313030206F72204C54
:105280002D3530290D0A000020205B4F4B5D204C4E
:1052900065667420746172676574203D2025640D15
:1052A0000A00000020205B4552525D205573616763
:1052B000653A20523C76616C75653E202028652E4B
:1052C000672E2052323030206F7220522D31303014
:1052D000290D0A0020205B4F4B5D205269676874DE
:1052E00020746172676574203D2025640D0A0000FA
:1052F0000D48016841F001010160BFF34F8F0B4879
:10530000016821F4403141F480310160416821F4A9
:1053100080714160816821F440318160C16821F46D
:105320004031C16070470000303802400000024048
:105330000248416981F48071416170470000024078
:1053400001480069704700005C0000200148406986
:10535000704700005C000020014840897047000051
:105360005C0000200148B0F9060070475C00002096
:1053700010B528482DED028BB0EE408A0068406AD7
:10538000254C61886080411A207809B210B1002054
:10539000207001464842216900B20144216118EEA3
:1053A000101A1E4B1E4AE080994202DA9FED1D8AB8
:1053B00005E018EE101A914201DD9FED1B8A00EE08
:1053C000100AF8EEC00A94ED060A70EEC08A04F0E6
:1053D000ABF9F4EEC08AF1EE10FA06DCB1EE400A49
:1053E000F4EEC08AF1EE10FA06D260899FED0F0A42
:1053F000401C608128EE008A94ED060A08EE280A17
:1054000084ED060ABDEEC00ABDEC028B10EE100A58
:1054100010BD0000B40300205C000020CDCC4C3D4A
:105420003333733FCDCC4C3D3333733F9A99193EA0
:1054300001488089704700005C0000200148B0F9F5
:10544000080070475C00002010B526482DED028B47
:10545000B0EE408A0068416A234CA088A180081AF7
:10546000617800B209B10020607061691F4B01448E
:10547000616118EE101A1E4A2081994202DA9FEDEE
:105480001D8A05E018EE101A914201DD9FED1A8A7F
:1054900000EE100AF8EEC00A94ED070A70EEC08A1A
:1054A00004F042F9F4EEC08AF1EE10FA06DCB1EE37
:1054B000400AF4EEC08AF1EE10FA06D2A0899FED00
:1054C0000F0A401CA08128EE008A94ED070A08EE1E
:1054D000280A84ED070ABDEEC00ABDEC028B10EE6F
:1054E000100A10BDFC0300205C000020CDCC4C3D18
:1054F0003333733FCDCC4C3D3333733F9A99193ED0
:1055000070B586B014216846FBF754FA02240125D1
:10551000CDE901452020174E009069463046CDE97F
:10552000034500F03BFC08200090694604951248B2
:1055300000F034FC4020009069460494304600F0AE
:105540002DFC80200090694604940C4800F026FC55
:105550003C210B4801F0D0F83C210A4801F0CCF87E
:10556000074900200968486206490968486206B090
:1055700070BD00000000024000040240000802402C
:10558000B4030020FC03002007489FED060A002119
:1055900080ED060A80ED070AC18001814181818189
:1055A00070470000000000005C00002072B600BFE1
:1055B000FDE7000010B590F83C20012A1FD0012221
:1055C00000F83C2F0F4A536823F01F0353605368C1
:1055D0000C6823435360536823F44043536053687B
:1055E0004C6823435360536823F4706353605368DB
:1055F00089680B43536000210170084610BD0220EA
:1056000010BD00000023014078B50024009490F8FC
:105610003C20012A19D0012280F83C200A68072387
:105620000568092A13D9EE680A3A02EB4202934050
:105630009E43EE600B788A680A3B03EB43039A4073
:105640000368DD682A43DA6010E0022078BD2E6925
:1056500002EB420293409E432E610B788A6803EB73
:1056600043039A4003681D692A431A614A681F234D
:10567000072A13D205686E6B521E02EB820293401A
:105680009E436E630B790A885B1E92B203EB830321
:105690009A4003685D6B2A435A6327E005680D2A28
:1056A00012D22E6BD21F02EB820293409E432E63D6
:1056B0000B790A88DB1F92B203EB83039A400368DD
:1056C0001D6B2A431A6311E0EE6A0D3A02EB820267
:1056D00093409E43EE620B790A880D3B92B203EB36
:1056E00083039A400368DD6A2A43DA62164B056831
:1056F000144A9D4206D10D68122D03D1556845F418
:105700008005556005689D4218D10B68102B01D0AB
:10571000112B13D1536843F4000353600968102917
:105720000CD10A490A4A0968B1FBF2F101EB810187
:10573000490000E0491E00910029FBD180F83C405F
:10574000002078BD002301400020014054000020CB
:1057500040420F0070477047704770B504004FF02B
:10576000000503D0206C002610B107E0012070BDB9
:10577000204600F01DF8666484F83C60206CC0068A
:1057800010D4206C20F4885040F0020020642046A1
:10579000FDF724F96664206C20F0020040F001005F
:1057A000206400E0012584F83C60284670BD0000BC
:1057B00070B586B0064614216846FBF7FBF83349FE
:1057C000314B326800253148143903249A4240D1C4
:1057D000026842F480720260006800F480700590F4
:1057E000086840F001000860086800F001000590BA
:1057F000086840F0020008600868694600F002008E
:10580000059080208DE83100214800F0C7FA012082
:105810008DE8310069461F4800F0C0FA1F4C1E4851
:10582000C4E900050015A560C4E90350800060616B
:105830008000A0618011E0610002C4E908052046F3
:1058400000F00AFA08B1FFF7B1FEB463A66306B030
:1058500070BD134B9A42FAD1026842F400720260A2
:10586000006800F400700590086840F004000860CB
:105870000868694600F00400059030208DE831008A
:10588000084800F08BFAE2E700200140443802406B
:1058900000000240000402401064024000030020A7
:1058A0000021014000080240F8B50E4600210446E0
:1058B000009190F83C0013460A46012807D00120C9
:1058C00084F83C0020688568ED0702D011E00220D2
:1058D000F8BD856845F0010585604048404D006889
:1058E000B0FBF5F000EB400000E0401E0090002807
:1058F000FBD120688568ED0503D5856825F48075A2
:10590000856020688568ED075DD0226C40F20165F6
:10591000AA4342F4807222644068400505D5206C99
:1059200020F4005040F480502064206CC00404D562
:10593000606C20F00600606400E0616484F83C1054
:10594000A16B2948274DC863A16B28480864A16B47
:105950002748C86421686FF0220008602068416809
:1059600041F0806141602068816841F4807181600C
:10597000216832464C31A06B00F0D8F902466868C5
:105980001C49C006206806D0884224D1816811F0E5
:10599000405F13D01FE08842F8D0174B984203D1E4
:1059A000D1F80433DB06F1D0144B984213D1D1F86F
:1059B000041301F01F011029E8D30CE0816841F0C5
:1059C0008041816007E0206C40F010002064606C32
:1059D00040F0010060641046F8BD00005400002053
:1059E00040420F00002301404D290008D129000842
:1059F000BB29000800200140002101400022014095
:105A00002DE9F0410446876D00F0C6FA064694F889
:105A100035000025022806D08020606584F83450C7
:105A20000120BDE8F0812068016821F016010160C5
:105A30002068416921F080014161206C08B9A06CA7
:105A400020B12068016821F0080101602068016828
:105A500021F0010101600CE000F09EFA801B052896
:105A600007D920206065032084F8350084F834507D
:105A7000D7E720680068C007EED194F85C103F209B
:105A80008840B860012084F8350084F83450002044
:105A9000C7E790F83510022903D080214165012025
:105AA0007047052180F835100068016821F0010178
:105AB00001600020704700002DE9F84304464FF0D4
:105AC0000009CDF8009063484FF41651A56D0068A9
:105AD000B0FBF1F72E6894F85C10082000FA01F191
:105AE00031420FD021680A6852070BD50A6822F0AC
:105AF00004020A6094F85C108840A860606D40F071
:105B00000100606594F85C104FF0010808FA01F09C
:105B1000304208D021684969090604D5A860606D43
:105B200040F00200606594F85C1004208840304228
:105B300008D021680968890704D5A860606D40F025
:105B40000400606594F85C1010208840304218D042
:105B500021680968090714D5A8602068016849030D
:105B600004D50068000308D5A16C07E00168C905E9
:105B700003D4016821F008010160216C09B12046BD
:105B8000884794F85C1020208840304231D021684A
:105B90000968C9062DD5A86094F835000528206845
:105BA000016806D0490347D5006800031DD4616C25
:105BB0001CE021F0160101602068416921F080019C
:105BC0004161206C08B9A06C20B12068016821F007
:105BD0000801016094F85C103F208840A86084F8B8
:105BE000358084F83490216D1FE0E16B09B12046C7
:105BF0008847606D00282BD0606DC00714D0052049
:105C000084F835002068016821F0010101600098E6
:105C1000401C0090B84203D820680068C007F6D145
:105C200084F8358084F83490E16C002910D001B0FC
:105C30002046BDE8F04308470168C905D5D401688E
:105C400021F01001016084F8358084F83490CCE7AD
:105C5000BDE8F883540000202DE9F041044600F02F
:105C60009BF906465CB1022084F83500002584F8D3
:105C700034502068016821F0010101600DE001202D
:105C8000BDE8F08100F088F9801B052805D92020A7
:105C90006065032084F83500F2E720680068C007DB
:105CA000F0D12268116820480140D4E9010318436B
:105CB000D4E903363343184363691843A36918438F
:105CC000E3691843236A18430843616A042903D12E
:105CD000D4E90B1319430843106020684069666AD1
:105CE00020F0070130460E43012704280CD1A06A9A
:105CF0000643E06A40B12046FEF7BEFF20B14020D7
:105D0000606584F83570BAE7206846612046FEF782
:105D10009FFF94F85C203F2191408160656584F885
:105D200035700020ACE700003F8010F02DE9F04115
:105D30000446866D90F83400002501280DD001201E
:105D400084F8340094F835700020012F07D084F8CF
:105D5000340002252846BDE8F0810220FBE7022737
:105D600084F8357060652046FEF7B0FF94F85C104B
:105D70003F208840B0602068016841F01601016052
:105D8000206C20B12068016841F0080101602068A2
:105D9000016841F001010160DCE700002DE9F84FE6
:105DA000DFF8BCA10022012503264FF00F090AF1FC
:105DB000040BAAF1040E00BF0B6805FA02F423409D
:105DC000A34270D10F7907F00307012F01D0022FF2
:105DD00016D187684FEA420806FA08FC27EA0C0742
:105DE000D1F80CC00CFA08FC4CEA070CC0F808C04B
:105DF0004768A7430C79C4F3001494403C434460C3
:105E00000C79E443A4070AD0C4684FEA420C06FAAE
:105E10000CF7BC438F6807FA0CF72743C7600C796F
:105E200004F00304022C12D1D40800EB840CDCF83B
:105E300020405707FF0E09FA07F824EA0804D1F8B2
:105E4000108008FA07F848EA0408CCF820800468B3
:105E50004FEA420C06FA0CF7BC430F7907F0030730
:105E600007FA0CF7274307604C6814F4403F70D0E2
:105E70003C4C276847F480472760246822F00307DA
:105E800004F480440094384C07EB040CDCF8084818
:105E900097074FEA177809FA08F7BC43334FB8421F
:105EA00002D1002724E054E0314FB84201D101274C
:105EB0001EE0304FB84201D1022719E02E4FB84200
:105EC00001D1032714E02D4FB84201D104270FE080
:105ED0002B4FB84201D105270AE02A4FB84201D121
:105EE000062705E0284FB84201D1072700E0082720
:105EF00007FA08F72743CCF80878DAF80040574645
:105F0000D1F804C09C435FEACC2C00D51C433C6014
:105F1000DBF800405F46D1F804C09C435FEA8C2C5C
:105F200000D51C433C60DEF800407746D1F804C041
:105F30009C435FEA8C3C00D51C433C60084F083F03
:105F40003C68D1F804C09C435FEACC3C00D51C43BC
:105F50003C60521C102AFFF42FAFBDE8F88F000000
:105F6000083C01404438024000300140000002403B
:105F70000004024000080240000C024000100240F1
:105F80000014024000180240001C02400AB1816166
:105F900070470904FBE70000014880687047000073
:105FA000F400002070B5040013D021684CF6CC40FA
:105FB0000860216845F255500860D4E9000141604D
:105FC0002168A0688860FFF7E7FF054641F60106F3
:105FD0000DE0012070BD00BFFFF7DEFF401BB042A7
:105FE00005D92068C068800701D0032070BD2068F3
:105FF000C0688007F0D121684AF6AA200860002016
:1060000070BD00684AF6AA210160002070470000B8
:10601000024881680278114481607047F4000020D2
:106020000B4810B5016841F400710160016841F44A
:1060300080610160016841F480710160032000F01B
:106040006FF80F2000F006F800F024F8002010BDD3
:10605000003C024070B50D4D04464FF47A7128782B
:10606000B1FBF0F00A490968B1FBF0F000F0F2F87A
:1060700048B9102C07D200222146501E00F030F8FB
:1060800000206C6070BD012070BD0000F400002095
:10609000540000200A4808B5016841F480410160BD
:1060A000006800F4804000900548001F016841F03E
:1060B00080510160006800F08050009008BD000031
:1060C00044380240002809DB00F01F020121914002
:1060D0004009800000F1E020C0F800117047000086
:1060E000F0B40E4B1B680C46C3F30223C3F1070543
:1060F000042D00D90425191D072901D2002300E031
:10610000DB1E012606FA05F1491E214099409E40FA
:10611000761E16403143F0BC02F025BC0CED00E0C9
:10612000064900F0070208684FF6FF03184040EAEE
:106130000220034A10430860704700000CED00E0A5
:106140000000FA05704700000F2202600C4A136835
:1061500003F003034360136803F0F00383601368E4
:1061600003F4E053C36012684FF4E05303EAD20231
:1061700002610448006800F00700086070470000F2
:1061800008380240003C02400148006870470000A7
:10619000540000200448054900680968044AC1F316
:1061A0008221515CC84070475400002008380240EA
:1061B000989D00080448054900680968044AC1F32D
:1061C0004231515CC84070475400002008380240FA
:1061D000989D0008154810B5006810F00C0214488E
:1061E00013D01449042A0FD0082A0ED10F4C241FB3
:1061F0002268236802F03F025B0207D52068C0F3E3
:106200008810A0FB010106E0084610BD2168C1F31B
:106210008811A1FB00010023FAF745F82168C1F3BA
:106220000141491C4900B0FBF1F010BD08380240A3
:106230000024F40040787D01054810B50068000690
:1062400005D5FFF77FFF02498020891C087010BD2B
:106250000C38024010B5401EB0F1807F01D3012000
:1062600010BD4FF0E02460610F21601702F07BFB4E
:106270000020A06107202061002010BD70477047FA
:1062800010B590F83C20012A22D0012280F83C2051
:10629000CA688C6822F4407222434C6822F48062FF
:1062A00022430C6822F4006222430C6922F48052DB
:1062B00022434C6922F400522243C969002322F48C
:1062C00080420A4301684A6480F83C30002010BDD7
:1062D000022010BD70B590F83C20012A32D0012474
:1062E00080F83C40022280F83D2003685A689D688F
:1062F00022F070060A6832435A60134B02689A42D1
:1063000014D0B2F1804F11D0104B9A420ED0104BE6
:106310009A420BD00F4B9A4208D00F4B9A4205D0AD
:106320000E4B9A4202D00E4B9A4204D1496825F096
:1063300080031943916080F83D40002180F83C10B3
:10634000084670BD022070BD0000014000040040FE
:1063500000080040000C00400004014000400140E3
:106360000018004010B5040003D094F83D0010B1AF
:1063700007E0012010BD002084F83C00204600F01A
:106380001FF8022084F83D00211D206801F04AFE1C
:10639000012084F8460084F83E0084F83F0084F829
:1063A000400084F8410084F8420084F8430084F8F7
:1063B000440084F8450084F83D00002010BD000032
:1063C0002DE9F84F05460068274988424AD12749F8
:1063D00000200A6842F001020A600968254C01F0B9
:1063E0000101009122494FF040664FF0400BA4E8B4
:1063F000420809154F004FF400584FF480794FF4CC
:10640000403AA4E88307042144F824190121C4E98F
:106410000A1020631748FFF71FFC08B1FFF7C6F802
:106420006C62A563134C124860341830A4E841082C
:1064300000204FF48061A4E8830744F824090D4844
:106440006030FFF709FC08B1FFF7B0F8AC6200223A
:1064500004211920A563FFF743FEBDE8F84F19207A
:10646000FFF730BEBDE8F88F00000140443802401D
:10647000286402404404002070B5044690F83C00B3
:106480000025012817D0012684F83C60022084F8FA
:106490003D002068826822F0770222F47F42826009
:1064A0000868502838D00DDC20284FD005DC90B388
:1064B000102811D14AE0022070BD302846D0402873
:1064C0000AD13BE060282FD070280DD0B0F5805F56
:1064D00003D0B0F5005F12D0012584F83D600020A4
:1064E00084F83C00284670BDCB68D1E901212068C2
:1064F00001F082FE2068816841F0770109E0CB68F5
:10650000D1E90121206801F077FE2068816841F41B
:1065100080418160E1E719E0CA684968206801F0BC
:106520003FFF5021206806E0CA684968206801F0F2
:1065300048FF6021206801F069FECEE7CA6849681B
:10654000206801F02DFF40212068F4E72268014611
:106550001046F0E72DE9F0410D46040003D094F811
:106560003D0018B108E00120BDE8F081002084F86A
:106570003C00204600F040F8022084F83D002068EE
:10658000816844F2070291438160211D206801F077
:1065900049FD226890689169166A2B68AF690343C8
:1065A00040F20330814341EA0721A868EF690843BC
:1065B0004FF6FC418843E96840EA07200143286917
:1065C0002F6A000140EA0730084369686D6926F0C8
:1065D000AA0646EA0515294393602268906154F89B
:1065E000460B0162012004F81F09E0752076E07671
:1065F0002077A0750020B7E770B586B00446142157
:106600006846FAF7D7F9374923680024354A103924
:1066100002253548B3F1804F2FD0344EB3422AD1F2
:10662000136843F002031360126802F0020205923D
:106630000A6842F001020A600A6802F0010205924B
:106640000A6842F004020A60096801F00401059139
:1066500040210091CDE901546946CDE90345FFF79A
:106660009DFB80200090CDE9015469462048CDE98A
:106670000345FFF793FB06B070BD136843F00103B9
:106680001360126802F0010205920A6842F00102EA
:106690000A600A6802F0010205920A6842F00202EA
:1066A0000A600968012601F002010591202100918C
:1066B000CDE90154CDE903466946FFF76FFB082099
:1066C0000090CDE90154CDE9034669460948FFF73A
:1066D00065FB002205211C20FFF702FD1C20FFF7AF
:1066E000F1FCC8E7403802400000024000040040CE
:1066F000000802400004024070B590F83E60044675
:1067000090F83F5090F8423090F84320022021B199
:1067100004290ED0012E1BD114E0012E18D1012B1B
:1067200016D184F83E0084F842000122002120683E
:1067300020E0012D0CD1012A0AD184F83F0084F811
:10674000430014E0012D03D1012B01D1012A01D016
:10675000012070BD84F83E0084F83F0084F84200B8
:1067600084F8430001220021206801F0C3FC0122CB
:106770000421206801F0BEFC2068016841F001019D
:106780000160002070BD704770472DE9F04104465C
:106790000068C66805694FF00007A90713D5B1075F
:1067A00011D5F91E016101202077206880698007DA
:1067B000204602D0FFF7E8FF04E000F0A9F82046E9
:1067C00000F03BF92777680716D5700714D52168C4
:1067D0006FF004000861022020772068806910F4BF
:1067E000407F204602D0FFF7CFFF04E000F090F892
:1067F000204600F022F92777280715D5300713D552
:1068000021686FF008000861042020772068C069C3
:106810008007204602D0FFF7B7FF04E000F078F8C9
:10682000204600F00AF92777E80616D5F00614D5B9
:1068300021686FF010000861082020772068C06987
:1068400010F4407F204602D0FFF79EFF04E000F0E6
:106850005FF8204600F0F1F82777E80708D0F00746
:1068600006D021686FF001000861204600F0C8F9E9
:10687000280608D5300606D521686FF0800008612B
:106880002046FFF7FBFC680608D5700606D5216890
:106890006FF040000861204600F0B3F9A8060AD561
:1068A000B00608D521686FF0200008612046BDE8D9
:1068B000F041FFF7E4BCBDE8F081000010B586B000
:1068C000044614216846FAF775F80E492068884294
:1068D00016D10D480021026842F0100202600068E3
:1068E00000F0100005904FF4206000900220CDE9E8
:1068F00001010120CDE9031069460448FFF74EFA73
:1069000006B010BD000001403038024000100240C7
:10691000704770B5044690F83C0000260D460128EB
:106920000FD0012084F83C006AB1042A1DD0082A47
:106930002FD00C2A3FD00126002084F83C0030469E
:1069400070BD022070BD206801F068FC206881697C
:1069500041F0080181612068816921F004018161B1
:10696000206881692A69114311E0206801F086FCE2
:106970002068816941F4006181612068816921F4A6
:1069800080618161206881692A6941EA022181610F
:10699000D2E7206801F0A8FC2068C16941F0080135
:1069A000C1612068C16921F00401C1612068C16929
:1069B0002A69114311E0206801F0CAFC2068C1690E
:1069C00041F40061C1612068C16921F48061C16145
:1069D0002068C1692A6941EA0221C161ACE710B5AA
:1069E000040003D094F83D0010B107E0012010BD71
:1069F000002084F83C00204600F01EF8022084F8B5
:106A00003D00211D206801F00DFB012084F84600A7
:106A100084F83E0084F83F0084F8400084F8410088
:106A200084F8420084F8430084F8440084F8450068
:106A300084F83D00002010BD70477047704700008B
:106A40002DE9F04117460D0004464FF000060CD02A
:106A5000042D11D0082D16D094F84100022819D029
:106A600094F84100012818D07CE094F83E000228F8
:106A700010D094F83E00F5E794F83F00022809D0C2
:106A800094F83F00EEE794F84000022802D094F812
:106A90004000E7E70220BDE8F081002F62D0002B24
:106AA00060D04D494D4ADFF838C102204DB1042D68
:106AB00018D0082D27D084F841000C2D44D0012691
:106AC00087E084F83E00606AC163606A3946026408
:106AD000606AC0F84CC02268606A3432FFF726F959
:106AE00088BB21E084F83F00A06AC163A06A3946F0
:106AF0000264A06AC0F84CC02268A06A3832FFF76E
:106B000015F900BB15E084F84000E06AC163E06A53
:106B100039460264E06AC0F84CC02268E06A3C3240
:106B2000FFF704F978B909E02068C16841F4007101
:106B30001EE02068C16841F4806119E02068C168E6
:106B400041F4006114E00DE0206BC163206B394615
:106B50000264206BC0F84CC02268206B4032FFF703
:106B6000E5F808B1012096E72068C16841F480513A
:106B7000C16001222946206801F0BCFA1949206849
:106B8000194A884201D0904203D1436C43F4004338
:106B900043642068884213D0B0F1804F10D013496D
:106BA00088420DD0124988420AD01249884207D043
:106BB000904205D01049884202D01049884204D141
:106BC000816801F00701062903D0016841F0010145
:106BD000016030465FE700000F8100086D8100080A
:106BE000A5810008000001400004014000040040AD
:106BF00000080040000C0040004001400018004028
:106C00007047704738B5044690F84200202801D0FC
:106C1000022038BD51B14AB10120206300206063D9
:106C2000204601F0A1FD216B012901D0012038BDD2
:106C300021680A684968009121680C3151E8002FE9
:106C400042F0100241E80023002BF5D138BD704717
:106C500070470000F8B5016804460868CA684B69C7
:106C600010F00F0F4FF0000559D003F0010602F4A9
:106C70009077374365D0C10705D0D10503D5616C46
:106C800041F001016164410705D5D90703D0616C6A
:106C900041F002016164810705D5D90703D0616C19
:106CA00041F004016164010707D502F0200131437E
:106CB00003D0616C41F008016164616C00293AD035
:106CC000800604D5900602D5204601F065FC2068B8
:106CD0004069616CC0F38010090700D460B320469E
:106CE00001F025FC20684069400621D52068143059
:106CF00050E8001F21F0400140E80012002AF5D1C1
:106D0000E06BA8B172490165E06BFEF7C2FE002896
:106D100011D0E06B016D01B0BDE8F040084783067B
:106D20000FD593060DD52046BDE8F84001F034BCE0
:106D30002046FFF78DFFF8BD2046FFF789FF656409
:106D4000F8BD266B2023012E7ED1C6067CD5D60643
:106D50007AD508684868009048694FF002064006F6
:106D60004DD5E26B106840684FF480770004000C4A
:106D70003AD0A18D814237D9E085D069B8422DD073
:106D800020680C3050E8001F21F4807140E80012A8
:106D9000002AF5D12068143050E8001F21F00101CD
:106DA00040E80012002AF5D12068143050E8001F96
:106DB00021F0400140E80012002AF5D184F8423069
:106DC000256320680C3050E8001F21F0100140E8D6
:106DD0000012002AF5D1E06BFEF712FE6663A08D6B
:106DE000E18D401A81B206E0A18D8142A8D1D0691F
:106DF000B842A5D166632046FFF729FFF8BDA08DF4
:106E0000E18D401A81B2E08D0028F7D00029F5D03D
:106E100020680C3050E8002F22F4907240E80027E0
:106E2000002FF5D12068143050E8002F22F0010225
:106E300040E80027002FF5D184F842302563206810
:106E40000C3050E8002F00E006E022F0100240E88D
:106E50000023002BF3D1CDE705062BD5150629D548
:106E600094F841002128C9D1A068B0F5805F01D114
:106E70002069B0B1206A411C216221680078486015
:106E8000E08C401E0004000CE084B7D12068C1688B
:106E900021F08001C1602068C16841F04001C160FB
:106EA000F8BD206A0088C0F308004860206A801C92
:106EB0002062E5E74006F3D55006F1D5CA682046C2
:106EC00022F04002CA6084F8413000F0A9F9F8BD10
:106ED000E783000870B5040004D094F84100002551
:106EE00010B106E0012070BD84F84050204600F04B
:106EF00023F8242084F841002068C16821F400515F
:106F0000C160204601F0AAFB2068016921F490418C
:106F100001612068416921F02A0141612068C1684E
:106F200041F40051C1606564202084F8410084F878
:106F300042006563002070BD2DE9F04387B006462E
:106F400014216846F9F736FDDFF814C13168454869
:106F5000022203230727444D0024614521D14149E2
:106F600014310E6846F010060E60096801F0100139
:106F70000591016841F0010101600068694600F077
:106F80000100059058028DE81500CDE90337284629
:106F9000FEF704FF002207212520FFF7A1F8252096
:106FA00059E0DFF8C8C0614557D12E491031D1F8FA
:106FB00000C04CF4003CC1F800C0096801F4003185
:106FC0000591016841F0010101600068694600F027
:106FD000010005900C208DE81500CDE90337284607
:106FE000FEF7DCFE234D22484FF000672860C5E91C
:106FF00001744FF48068C5E9034880156C61C5E9E8
:1070000006404FF44039C5E908942846FEF724FEAF
:1070100008B1FEF7CBFAF563AE63164D1448603540
:107020001830E5E802074020A5E81101114845F8AD
:1070300014496030AC61C5E907496C62FEF70CFE8B
:1070400008B1FEF7B3FAB563002206212620AE632D
:10705000FFF746F82620FFF735F807B0BDE8F083C4
:10706000001001403038024000000240004400405F
:10707000886002409405002090F84230202B01D017
:107080000220704721B11AB10023036301F0BCBB99
:107090000120704700681449884223D11349144BDA
:1070A00008468A7800780D2A10D00A2A0ED0082ABD
:1070B00014D07F2A12D03F2802D21A54401C0870E4
:1070C0000A490122891C0B48FFF7D6BF0028F7D0D8
:1070D00000221A54012048700A70F1E70028EFD00E
:1070E000401EECE7704700000010014090000020B7
:1070F000DC0600200405002070472DE9F843044613
:1071000090F84100984616460D46202802D00220ED
:10711000BDE8F88385B17EB100206064212084F849
:107120004100FEF739FFA6848146E684A068202747
:10713000B0F5805F02D003E00120E9E7206910B1DB
:107140002E4600250EE000260CE08021204601F0AE
:1071500076FBA8B9C6B116F8010B21684860E08C2F
:10716000401EE084E08C4B464FF00002CDF80080DA
:107170000028EAD14FF04001204601F060FB40B109
:1071800084F841700320C3E735F8020BC0F3080010
:10719000E3E784F841700020BAE7000070B50446C8
:1071A00090F84100202801D0022070BD01B3FAB14F
:1071B0002162A284E28400206064212384F84130AB
:1071C000A56B144BEB63A56B134B2B64A56B134B97
:1071D000EB64A36B186520681346A56B021D284657
:1071E000FEF7A4FD30B110206064202084F8410037
:1071F000012070BD21686FF04000086020681430E5
:1072000050E8001F41F0800140E80012002AF5D14B
:10721000002070BDE384000825850008F583000880
:107220000349884202D1034900204870704700009A
:107230004C050020840000207047FEE730B587B081
:1072400000241E480594069404940094019402942A
:1072500019490394016001254FF480310561C0E9AB
:107260000114057680F820401549C0E90A14C5616B
:10727000C46080F830504561FEF76FFA08B1FEF740
:1072800095F9062004904FF40040CDE9050404A9C7
:107290000A48FEF78FF908B1FEF788F90720CDE913
:1072A0000005694602940548FEF7AEF9002801D0B2
:1072B000FEF77CF907B030BD0020014070020020CD
:1072C0000100000F7FB50025134800950195029538
:1072D00010490395016001244FF480310461C0E935
:1072E0000115047680F82050C560C46180F83050E4
:1072F0004461FEF732FA08B1FEF758F90E208DE826
:10730000310069460448FEF77FF9002801D0FEF7F6
:107310004DF97FBD00210140B80200201D4808B58D
:10732000016841F480010160016801F4800100916D
:10733000016841F4001101600068002200F40010AF
:10734000009011461020FEF7CBFE1020FEF7BAFE8B
:10735000002211461120FEF7C3FE1120FEF7B2FEF7
:10736000002203213820FEF7BBFE3820FEF7AAFEDC
:10737000002211463920FEF7B3FE3920FEF7A2FEA7
:10738000002211463A20FEF7ABFEBDE808403A2045
:10739000FEF798BE303802402DE9F04786B0142140
:1073A0006846F9F707FB53480024016841F01001D3
:1073B0000160016801F010010591016841F00401CC
:1073C0000160016801F004010591016841F02001AC
:1073D0000160016801F020010591016841F0800120
:1073E0000160016801F080010591016841F001012F
:1073F0000160016801F001010591016841F002019D
:107400000160016801F002010591016841F040014D
:107410000160016801F040010591016841F0080137
:1074200001600068DFF8D09000F008004FF4C0471A
:107430000590002239464846FEF7A8FDDFF8BCA0BB
:107440004FF4E078002241465046FEF79FFD49F296
:10745000FF500325CDE90005694602944846FEF732
:107460009DFC4FF64F70CDE9000569460294244813
:10747000FEF794FC4FF6FF760096CDE9015469467D
:107480002048FEF78BFC49F61310CDE9000569464C
:1074900002941D48FEF782FC4FF6F670CDE9000518
:1074A000694602941948FEF779FC4FF63F60CDE932
:1074B0000005694602945046FEF770FC00970127CC
:1074C000CDE90174694648460394FEF767FC0096CF
:1074D000CDE9015469460E48FEF760FCCDF8008006
:1074E000CDE90174694650460394FEF757FC06B097
:1074F000BDE8F0873038024000100240001802401A
:107500000008024000140240000002400004024053
:10751000000C0240094810B5074901600421416090
:1075200040F2F3118160FEF73DFD002803D0BDE875
:107530001040FEF73BB810BD003000406003002053
:1075400010B596B000240F941094119412941394D3
:107550001C2168461494F9F72DFA202107A8F9F7A1
:1075600029FA2D482B4901601021C0E9011440F28D
:10757000E731C0E903148021C0E90541FEF7F2FEBE
:1075800008B1FEF713F84FF480500F900FA922486E
:10759000FEF772FF08B1FEF709F81F48FFF71FFA60
:1075A00008B1FEF703F8139413A91B481494FEF7CF
:1075B00091FE08B1FDF7FAFF6020CDE900040294C6
:1075C0000394049405940022694613480694FFF737
:1075D000A0F908B1FDF7EAFF042269460E48FFF75B
:1075E00098F908B1FDF7E2FF0794089409944FF465
:1075F00000500A94CDE90B4007A907480E94FEF706
:107600003FFE08B1FDF7D2FF0348FFF757F916B068
:1076100010BD0000000001406C03002010B58CB0CC
:1076200024216846F9F7C6F90024164809944FF05A
:1076300080410A94C0E900144FF6FF71C0E902418D
:107640008021046181610320CDE900040120CDE99E
:1076500002040494CDE9054007946946094808945A
:10766000FEF778FF08B1FDF7A1FF099409A90548C5
:107670000A94FEF72FFE002801D0FDF797FF0CB00B
:1076800010BD0000B403002010B58CB02421684662
:10769000F9F790F900241648099414490A94C0E9AE
:1076A00000144FF6FF71C0E902418021046181613D
:1076B0000320CDE900040120CDE902040494CDE9C2
:1076C0000540079469460A480894FEF743FF08B14D
:1076D000FDF76CFF099409A905480A94FEF7FAFD25
:1076E000002801D0FDF762FF0CB010BD000400407F
:1076F000FC0300200C4810B50A4901604FF4E13149
:107700004160002181600C22C160C0E904128161E6
:10771000C161FFF7DFFB002803D0BDE81040FDF793
:1077200045BF10BD004400404C050020FEE70000AE
:107730000D4810B50068416C41F4004141640123DB
:107740000A4A00210848FFF77BF9084A0123921CE6
:1077500004210548FFF774F90122BDE81040110229
:107760000348FEF713BC00006C03002080000020DB
:10777000001802402DE9F0470C4605464FF47A7890
:1077800040F2E7360A2A01D20A2202E0424500D33B
:1077900032463148B0F90030E91A0FB211B28F42C7
:1077A00002DD03FA82F52DB2C1F1000C674501DA62
:1077B0005B1A1DB2B0F90230E71A3FB28F4202DD08
:1077C00003FA82F214B2674501DA591A0CB2058045
:1077D000224F44804FF400514FF48049002D09DBC3
:1077E00001223846FEF7D2FB002249463846FEF712
:1077F000CDFB0AE000223846FEF7C8FB01224946CD
:107800003846FEF7C3FB684205B2154F002C0ADB71
:10781000012240213846FEF7B9FB0022802138467C
:10782000FEF7B4FB0BE0002240213846FEF7AEFB2A
:10783000012280213846FEF7A9FB604204B245458B
:1078400000DB3546444500DB34460348001D058017
:107850004480BDE8F08700007C000020001002405A
:1078600000180240FEF7E8FCFEE70000F0B5B0EEBD
:10787000081A2DED028B90ED0F2A72EE011AF4EE2C
:10788000C01AF1EE10FA02D2C0ED0F1A0BE032EE80
:10789000411AB4EEC01AF1EE10FA02DD80ED0F1AB3
:1078A00001E080ED0F0ADFEDD32AB5EEC00AF1EE5C
:1078B00010FA06DD90ED031AB5EEC01AF1EE10FADB
:1078C0000BD3B5EEC00AF1EE10FA0AD290ED031A0E
:1078D000B5EEC01AF1EE10FA03DDC0ED062AC0EDD8
:1078E0000F2A10EE101A4FF07C544FF03F45A14282
:1078F0000DDA10EE101AA94209D290ED061ADFED4A
:10790000BE1A21EE211A80ED061AC0ED0F2A80ED75
:10791000030AC0ED040A90ED0F1AB5EEC01AF1EE9D
:1079200010FA02DBF0EE411A01E0F1EE411AB0EE7E
:10793000003AB2EE0E2A9FEDB10A416C032904D041
:10794000022905D0012906D007E09FEDAD0A04E029
:10795000B2EE052A01E09FEDAB3AF0EE613A002667
:10796000F4EEC33AF1EE10FA01D2314612E0B0EE75
:10797000613AB4EEC23AF1EE10FA01D2012109E007
:10798000B0EE612AB4EEC02AF1EE10FA01D2022163
:1079900000E00321816341649B4A01EB410102EB5A
:1079A000C10131EE602A91ED004A80ED004AD1ED2F
:1079B000013AB5EEC02AC0ED013A91ED023A80EDF0
:1079C000023AD1ED036AF1EE10FAC0ED086A80EDDB
:1079D000052A02DBB0EE420A01E0B1EE420A64EE93
:1079E000027AF0EE404AF4EEE46AF1EE10FA05DDB8
:1079F00090ED060A30EE020A80ED060A90ED067A56
:107A0000824B23EE870A10EE102A9FED815ADFED9C
:107A1000815A81499A4202DDB0EE450A05E010EE36
:107A2000102A8A4201D9B0EE650AD0ED093A11EE6A
:107A3000102A73EEE03AA24223EE238AB0EE623AB5
:107A400002DD90ED0B3A07E011EE102AAA4203D9AD
:107A500090ED0B3AB1EE433A90ED126A6F4F16EE8D
:107A6000102AD0ED103AB0EE624ABA4203DD31EE90
:107A7000634A26EE044AF5EEC03AB0EE626AF1EED1
:107A800010FA01DAF1EE633A13EE902AA24216DA06
:107A900011EE902AA24212DBD0ED0B3A604F13EEAA
:107AA000902ABA4204DD9FED5F6A63EE863A01E0F8
:107AB000F3EE0E3AC0ED133A1422026502E0026DB5
:107AC000002A19DD03EE902AF3EE048AB5EEC01AFF
:107AD000B8EEE36AC6EE283AF1EE10FA02DBB7EE32
:107AE000006A01E0BFEE006AD0ED138A521E026503
:107AF00028EE866A26EE236A11EE902A4A4FF1EEAE
:107B0000043ABA4202DDDFED493A06E011EE902A6E
:107B1000474FBA4203DDF5EE003A61EEA33AF4EEC8
:107B2000E34AF1EE10FA27D211EE102AA24203DC4A
:107B300011EE102AAA421FD9426B521C42631E2A20
:107B40001BDB70EE031AB5EEC01AF1EE10FA01DC81
:107B5000F1EE611AF5EEC01AF1EE10FA01D2F0EE74
:107B6000621AD0ED0B2AD0ED0C3A71EEE21A43EE18
:107B7000A12AC0ED0B2A00E0466337EE800A30EE02
:107B8000080A30EE030A30EE040A30EE060A10EE60
:107B9000102A9A4202DDB0EE450A0AE010EE102AE1
:107BA0008A4202D9B0EE650A0CE010EE102A9A4221
:107BB00004DBB5EEC02AF1EE10FA08DC10EE102A54
:107BC0008A420DD3B5EEC02AF1EE10FA08D2F4EED7
:107BD000E46AF1EE10FA03DD77EE421AC0ED061A00
:107BE000C0ED090A80ED101A80ED0A0ABDEC028B87
:107BF000F0BD0000000000006666663F00007042B5
:107C0000000028423333B33F9400002000C0794481
:107C100000C0794400C079C400C079C46F12833AAF
:107C20000000A0409A99193F0000F0419A99193E2E
:107C300000002041002801DA002002E0032800DDD6
:107C40000320034900EB400001EBC0007047000037
:107C500094000020042801D300207047024900EB63
:107C6000400001EBC00070479400002080EC030A44
:107C700000219FED140ADFED140A80ED030A80ED68
:107C8000040A80ED050A80ED060A80ED070AC0EDC2
:107C9000080A80ED090A80ED0A0ADFED0C0A80ED82
:107CA0000B0AC0ED0C0A4163816380ED0F0A80ED81
:107CB000100ADFED070A4164C0ED120A80ED130AD5
:107CC00001657047000000000000C8420AD7A33BCE
:107CD0008FC2F53D9FED090A002180ED050A80ED78
:107CE000060A80ED090A80ED0A0A416380ED0F0A59
:107CF00080ED100A81634164016570470000000057
:107D000070470000094910B50020C8610846FDF71A
:107D1000A3FF402206490748FEF774FF05480068A4
:107D2000C16841F01001C16010BD00009405002041
:107D30007C0600204C0500202DE9F04F794C2DEDFC
:107D4000028B81B02078002873D000202070054677
:107D5000754E9FED768A4FF08047B5E0705DAA289A
:107D600003D170194078552814D06D1C6E4AA8B202
:107D7000638807E0155CAA2D03D115186D78552D81
:107D800004D088B2411C9942F4D3A2E000B200288A
:107D90007CDB85B26188A81D884277D8701982463D
:107DA00090F8038090F802B008F10600618805EBB6
:107DB000000989456AD80AF1020008F1020100F0C1
:107DC00022FF09EB060131F8021C49BA884202D0B1
:107DD0006D1CADB278E0BBF1810F03D0BBF1820F17
:107DE00018D06FE0B8F1040F6CD1BAF90610BAF9E7
:107DF000040000EE101AB8EEC00A20EE080A84ED66
:107E0000010A00EE100AB8EEC00A20EE080A84ED5E
:107E1000020A57E0B8F1050F54D3BAF804509AF8A3
:107E200006B09AF90780424825B1FAF78FFE40B1B3
:107E300048E071E0FAF78AFE48B33D48FAF762FE7F
:107E400040E000EE90BADFED3B1A00EE105AB8EEBB
:107E5000601A3949B8EE400AC1EE210A20EE080A3C
:107E600010EE900A884202DAF7EE000A05E010EE02
:107E7000900AB84201DDF0EE000AB8F1000017DA0E
:107E800010EE100AB84203DA002112E021E019E0F6
:107E900010EE100A2949884201DA012109E010EEAA
:107EA000100A2749884201DA022102E0032100E09A
:107EB00001469FED241A1E4884ED011A84ED021A32
:107EC000FAF74EFE1FFA89F56188A81D88427FF6F1
:107ED00045AF40211448F8F74BFD1B4C2068016862
:107EE0004168009101684168009101684168009112
:107EF00001684068009094F84200202802D02020B9
:107F000084F84200402208490F48FEF77BFE2068B3
:107F1000C16841F01001C16001B0BDEC028BBDE849
:107F2000F08F0000840000207C0600202EFFE13D41
:107F3000A80100200000C8429A99993E00007041B3
:107F400000007042000000004C0500202DE9F041C7
:107F5000254D0746DDE906606C78002C41D1234CA5
:107F60004FF0AA0C84F800C04FF0550C84F801C003
:107F70004FF0030C84F802C04FF0130C84F803C0D8
:107F800027713F0A6771A171090AE1712272110A12
:107F90006172A372E672310A2173310C6173310E82
:107FA000A173E073010A2174010C6174000EA074C6
:107FB000FDF7F2FFE074010A2175010C6175000EF6
:107FC000A0751521A01C00F01EFE010AE1752076A7
:107FD000012068702146BDE8F04119220448FFF7EE
:107FE000DDB8BDE8F081000084000020BC06002060
:107FF0004C0500207047FEF70BB8000002480168EE
:1080000041F470010160704788ED00E00148FEF71F
:10801000BCBB00006C0300200148FEF7B6BB0000AB
:10802000B4030020F0B50268274B284D284E294F95
:10803000294C4FF0804C984209D0604507D0A842A7
:1080400005D0B04203D0B84201D0A04204D122F002
:10805000700E4A6842EA0E0298421BD0604519D061
:10806000A84217D0B04215D0B84213D0A04211D0C8
:108070001A4DA8420ED01A4DA8420BD0194DA84255
:1080800008D0194DA84205D0184DA84202D0184D6D
:10809000A84203D122F44075CA682A434D6922F0F0
:1080A00080022A438D68C5620D688562984201D0BE
:1080B000A04201D109690163016841F00401016036
:1080C000012141610260F0BD000001400004004058
:1080D00000080040000C0040000401400040014046
:1080E000004401400048014000180040001C0040CE
:1080F0000020004010B501F01F030121046A9940DF
:108100008C430462016A9A401143016210BD10B5AC
:10811000846B0121626A824205D12177C069F8B976
:1081200084F83E101CE0A26A824206D10222227725
:10813000C069A8B984F83F1012E0E26A824206D111
:1081400004222277C06958B984F8401008E0226BF5
:10815000824205D108222277C06908B984F841100B
:108160002046FEF76AFC0020207710BD10B5846B16
:10817000616A814201D101200DE0A16A814201D1F1
:10818000022008E0E16A814201D1042003E0216B72
:10819000814201D1082020772046FEF74FFC0020C5
:1081A000207710BD10B5846B0121626A824203D131
:1081B000217784F83E1019E0A26A824204D102209D
:1081C000207784F83F1011E0E26A824204D1042053
:1081D000207784F8401009E0226B824204D1082005
:1081E000207784F8411001E084F83D102046FEF726
:1081F000CAFA0020207710BD10B5846842EA032235
:1082000024F47F440A432243826010BD826822F036
:1082100070020A4342F0070181607047F0B5036ABB
:10822000026A22F00102026242688469124E24F05E
:1082300073050C682C4323F002058B682B430D4D0E
:10824000A84201D0B04205D123F00807CB683B43D8
:1082500023F00403A84201D0B04205D14D6922F4B5
:10826000407215438A692A434260846149684163C8
:108270000362F0BD0000014000040140F0B5026A55
:10828000036A23F010030362436884690D6824F4D1
:10829000E64444EA05248D6822F0200242EA0512F1
:1082A0000F4D104EA84201D0B04206D1CF6822F047
:1082B000800242EA071222F04002A84201D0B042F6
:1082C00007D14D6923F4406343EA85038D6943EA8E
:1082D000850343608461496881630262F0BD0000E8
:1082E0000000014000040140F0B5026A036A23F473
:1082F000807303624368C46922F4007224F073053A
:108300000C68124E2C438D6842EA05220E4DA8429D
:1083100001D0B04206D1CF6822F4006242EA0722BF
:1083200022F48062A84201D0B04207D14D6923F403
:10833000405343EA05138D6943EA05134360C46162
:108340004968C1630262F0BD0000014000040140C1
:1083500030B5046A026A22F4805202624268C3693C
:108360000D6823F4E64343EA05238D6824F40054A2
:1083700044EA0534084DA84202D0084DA84204D171
:108380004D6922F4804242EA85124260C361496825
:108390000164046230BD000000000140000401409F
:1083A00010B5036A046A24F001040462846924F0AD
:1083B000F00444EA021423F00A020A4384610262D0
:1083C00010BD10B5036A046A24F0100404628469C5
:1083D00023F0A00324F4704444EA023243EA01117A
:1083E0008261016210BD10B5806B0021C185FEF76E
:1083F0002FFC10BD70B5846B2068406994F8411063
:10840000C0F3C0100025212904D118B1E58420460D
:1084100000F0B4F82068406994F84210C0F380106E
:10842000222904D118B1E585204600F080F8606C5F
:1084300040F0100060642046FEF70AFC70BD10B5E5
:108440000146806B096809684FF00002C9052ED407
:10845000C28501680C3151E8003F23F4807341E884
:108460000034002CF5D10168143151E8003F23F0AD
:10847000010341E80034002CF5D10168143151E8C2
:10848000003F23F0400341E80034002CF5D12021C7
:1084900080F84210016B012909D101680C3151E8C3
:1084A000003F23F0100341E80034002CF5D1426373
:1084B000016B012902D0FEF7EDFD10BD818DFEF7A5
:1084C000C6FB10BD10B5806B01214163016B012912
:1084D00002D0FEF711FE10BD818D4908FEF7B7FBF3
:1084E00010BD10B50146806B09680968C90516D42E
:1084F0000021C1840168143151E8002F22F080026C
:1085000041E80023002BF5D101680C3151E8002F20
:1085100042F0400241E80023002BF5D110BDFEF7E8
:108520007FFE10BD10B5806BFEF786FE10BD0168A2
:108530000C3151E8002F22F4907241E80023002B07
:10854000F5D10168143151E8002F22F0010241E811
:108550000023002BF5D1016B012909D101680C31F1
:1085600051E8002F22F0100241E80023002BF5D142
:10857000202180F8421000210163704701680C310E
:1085800051E8002F22F0C00241E80023002BF5D172
:10859000202180F84110704708B590F84210222938
:1085A00001D0022008BD82684FF480539A4201D165
:1085B000016921B1816A9A421BD04AB10AE002687E
:1085C000816A5268C2F308020A80816A891C08E045
:1085D000026972B10268526802F07F020A70816A11
:1085E000491C8162C18D491E0904090CC18503D053
:1085F0001BE002685268F1E70168CA6822F02002B5
:10860000CA600168CA6822F48072CA6001684A6957
:1086100022F001024A61202180F8421000214163CA
:10862000026B012A03D0FEF735FD002008BD01636F
:1086300001680C3151E8002F22F0100241E80023BC
:10864000002BF5D101680A68D20602D50A6849688C
:108650000091818DFEF7FBFAE7E7000070B5044654
:1086600000680169E26821F4405111430161216908
:10867000A068E26908436169114308432168CA6838
:1086800049F20C639A430243CA6020684169A269B7
:1086900021F440711143416131492068884202D080
:1086A0003049884202D1FDF785FD01E0FDF772FDFA
:1086B000E2690023192164253226B2F5004F626871
:1086C00028D0A0FB0101930F9200F7F7ECFD0146C3
:1086D000B0FBF5F06FF01802504301EB800006EBA1
:1086E0000010B0FBF5F000F0F002B1FBF5F002EB8A
:1086F0000012B1FBF5F06FF01803584301EB800056
:1087000006EB0010B0FBF5F000F00F0021681044FC
:10871000886070BDA0FB010192185B41F7F7C3FDB3
:108720000146B0FBF5F00201B1FBF5F06FF0180364
:10873000584301EB800006EBC000B0FBF5F000F001
:10874000F80002EB4002B1FBF5F0584301EB80006A
:1087500006EBC000B0FBF5F000F00700D6E7000024
:10876000001001400014014038B581620446828542
:10877000002013466064222284F84220E56B1F4AE1
:10878000EA63E56B1E4A2A64E56B1E4AEA64E26B03
:1087900010650A462168E06B091DFDF7C7FA30B184
:1087A00010206064202084F84200012038BD206839
:1087B000016840680090206948B120680C3050E89A
:1087C000001F41F4807140E80012002AF5D12068B2
:1087D000143050E8001F41F0010140E80012002A67
:1087E000F5D12068143050E8001F41F0400140E806
:1087F0000012002AF5D1002038BD00003F84000897
:10880000C5840008F583000881628285C285002145
:108810004164222180F84210016921B10168CA68CF
:1088200042F48072CA6001684A6942F001024A61FA
:108830000068C16841F02001C160002070472DE947
:10884000F843984617460D460446089E24E0701CDF
:1088500022D0FDF7A1FBA0EB0800B0421AD8CEB1A0
:108860002068C168490717D5802D15D0402D13D039
:108870000168C94309070FD40168002540680090CA
:108880002046FFF754FE0820606484F84050012021
:10889000BDE8F8830320FBE72068006835EA0000A4
:1088A00004D00020B842D2D00020F1E70120F9E73F
:1088B00038B5084C20680068800602D52046FEF7CF
:1088C000C9F920680168090702D50168406800906D
:1088D00038BD00000405002038B50F4C2168086839
:1088E000C00613D5E06B0268526895B20A68496801
:1088F000009108B1FDF784F8202084F84200074970
:10890000C5F140000880064901200870BDE83840E4
:108910000148FEF79FB900004C05002086000020AA
:10892000840000200A46014664230148FEF7E5BBA7
:108930004C050020FEE703B401984100009850EA7E
:10894000C12018BF04204A0D18BF40F0010040F2BA
:10895000FF72B2EB515F08BF40F00200012808BF70
:10896000052002B070470907090E002804DB00F15A
:10897000E02080F80014704700F00F0000F1E020C4
:1089800080F8141D7047000030B52DED048B81B0C8
:10899000B0EE408AF0EE608A6A4651EC180B00F0A7
:1089A00067F900989FED329B7E300090002821DC13
:1089B00053EC192B51EC180B00F044FF1AD0002196
:1089C00040F608004FF00000044651EC180B00F090
:1089D000F3FE08EE100A40F6080004EA00014FF02A
:1089E0000000B5EEC08AF1EE10FA04BF0220F9F7DC
:1089F000EBF82DE00098FF2830DB002108464FF00F
:108A0000000000F4400553EC192B51EC180B01F059
:108A10008FF88CBF002401240220F9F7D5F89FEDD0
:108A2000168A4DB1002C0CBF4FF400004FF48000AB
:108A3000A84218BF9FED118A042108464FF000009C
:108A4000002C01BFB1EE480A01B0BDEC048B30BD73
:108A5000B0EE480A01B0BDEC048B30BD51EC180BF0
:108A600000F0AAFE01B000EE100ABDEC048B30BD90
:108A700000000000000000000000807FFFFF7F7FFB
:108A800030B540F2FF742DED048BF0EE608A18EEE5
:108A9000901A85B0B0EE408A9FED2B9B05468DED78
:108AA000008B34EA115147D053EC192B51EC180BC1
:108AB00000F0C8FE40D02A4651EC180B01F020F916
:108AC00041EC180B18EE900A8DED008B34EA105033
:108AD0001CD053EC192B51EC180B00F0B3FE2BD12A
:108AE0000220F9F771F800F043F810EE901A18EE32
:108AF000900A8DED020B8DED008B61F31E0003904B
:108B00009DED020B05B0BDEC048B30BD0220F9F7E2
:108B10005BF800F01DF810EE901A18EE900A8DED3B
:108B2000020B8DED008B61F31E0003909DED020B97
:108B300005B0BDEC048B30BD05B0B0EE480AF0EED8
:108B4000680ABDEC048B30BD00000000000000008E
:108B50009FED050B10B553EC102B51EC100B00F0F2
:108B6000E9FE41EC100B10BD000000000000007099
:108B70009FED050B10B553EC102B51EC100B00F0D2
:108B8000D9FE41EC100B10BD0000000000000010E9
:108B900010B5044691ED000BFFF7F6FE84ED000AD8
:108BA00010BD10B5044690ED000B0846FFF768FFB6
:108BB00084ED000B10BD30380A2801D20120704727
:108BC00000207047FEE7B4EEE00AF1EE10FA02D2A0
:108BD000B0EE600A7047B4EEC10AF1EE10FAF9DDAA
:108BE000B0EE410A7047B4EEE00AF1EE10FA02D29C
:108BF000B0EE600A7047B4EEC10AF1EE10FAF9DD8A
:108C0000B0EE410A7047F0B505464FF6FF742046B6
:108C1000002241F2210611E0AB5C80EA0320002330
:108C2000070403D586EA400080B201E004EA400070
:108C30005B1CDBB2082BF3D3521C92B28A42EBD3FB
:108C4000F0BDB5EEC00AF1EE10FA01DAB1EE400A5D
:108C50007047000013B54FF0FF3301226946024808
:108C6000FEF74BFA00981CBD040500200000000030
:108C700010B582B01446CDE900010023009A2360AC
:108C8000194B21F0004098422ADA024328D0B0F56F
:108C9000801FA8BF226810DA9FED150B53EC102B34
:108CA0009DED000B51EC100B00F044FECDE90001EE
:108CB0006FF0350221F0004022600F4B6FF31E5120
:108CC00003EB20501044206041F0FF5040F0005072
:108CD00001909DED000B00BF02B051EC100B10BDD8
:108CE0009DED000BF8E700000000F07F00000000A1
:108CF000000000000000504302FCFFFF2DED048B3C
:108D0000C54898B00068C44940F001000860C248F6
:108D10001430016841F010010160BFF34F8FBF4C68
:108D2000206820F4402040F400202060606A20F099
:108D3000F00040F070006062A06840F44020A06045
:108D4000206820F4401040F400102060606A20F495
:108D5000706040F4E0606062A06840F44010A06081
:108D6000AF4E40F28267B76042F20C09C6F80C9031
:108D70004FF000084546C6F81080C6F81480302031
:108D8000FAF7A6FCFDF74CF93120FAF7A1FC3220E6
:108D9000FAF79EFCFEF700FB206820F4701040F408
:108DA00020102060606A20F47F6040F4EE60606212
:108DB0003320FAF78DFCFEF7B1FA3420FAF788FC7D
:108DC00098484FF416510660C0E901150C21C560A2
:108DD000C0E9045185612021C56180F8411080F807
:108DE00042104564FEF7A8F8F560B760356175611B
:108DF000C6F80C903520FAF76BFC8BA0F7F7CAFA8F
:108E000095A0F7F7C7FA9EA0F7F7C4FAA5A0F7F761
:108E1000C1FAAFA0F7F7BEFAB8A0F7F7BBFAFCF7B4
:108E200067FAC1A0F7F7B6FAFEF764FCC4A0F7F73B
:108E3000B1FAFEF785FBC84C0320A062FEF778FC70
:108E4000A06A401C00EE100AF8EE400A9FEDC30A2B
:108E500060EE800A9FEDC21A81EE200A10EE100A21
:108E600000F09CFE41EC100BBEA053EC102BF7F76A
:108E700091FAFEF7D3FBFEF707FCFCF741FBC6A017
:108E8000F7F788FAFEF7DAF9FEF71CFAFAF7CCFBE7
:108E9000D1A0F7F77FFAFEF735FFDAA0F7F77AFAF5
:108EA000FBF7CAFFDDA0F7F775FA9FEDE28AF6EE51
:108EB000000AB0EE040AB0EE481ADF48FEF7D6FE0C
:108EC000DD48B0EE481AF6EE000AB0EE040A54305F
:108ED000FEF7CCFED9A0F7F75DFAD748A830F9F72E
:108EE0002DFEE2A0F7F756FADFEDEC8AB0EE681A35
:108EF0009FEDEB9AF0EE490A9FEDEA8AEA48B0EE60
:108F0000480AFBF7F7FEE848B0EE681AF0EE490AA7
:108F1000B0EE480A1830FBF7EDFEE4A0F7F73AFA96
:108F2000E1483030FAF7ECFBEDA0F7F733FAFEF743
:108F3000F1FAF7A0F7F72EFA70A0F7F72BFAFAA0DC
:108F4000F7F728FADFF800B44FF4FA7941F2883ADB
:108F5000FE4F00BFFDF720F80646FEF7EDFEFBF7DB
:108F600083FFF869301A0A2854DBB34CFE6104F120
:108F70005405A16BA86B814200DD0846FEF75AFE3E
:108F800090ED059AB0EE490AFCF7F2F9B0EE490A05
:108F90003860FCF759FA7860FCF7E4F9796B08441B
:108FA0007863FCF74BFAB96B0844B863F86B401C64
:108FB000F863BD485C38F9F7C9FD00282BD097ED60
:108FC000000AD7ED010AB848B8EEC00AF8EEE00A88
:108FD0005C3830EE200AF6EE000A20EE209AB0EE61
:108FE000490AF9F7FDFEB04840F2E7325C38B0F9C3
:108FF0004010B0F93E00FEF7BDFB94ED060A20EEEE
:10900000280A84ED060A95ED060A20EE280A85ED69
:10901000060A9DE193E2EFE1303802400000024091
:1090200000100140040500200D0A3D3D3D3D3D3D41
:109030003D3D3D3D3D3D3D3D3D3D3D3D3D3D3D3D60
:109040003D3D3D3D3D3D3D3D3D3D3D3D3D3D3D3D50
:109050003D3D0D0A000000002020496E74656C6CD7
:109060006967656E74204167726963756C747572A7
:10907000616C20526F626F74204361720D0A0000B0
:10908000202053544D3332463430375A47547820D9
:109090007C2052444B2058352050726F746F636FA0
:1090A0006C0D0A00202046572076312E33207C207C
:1090B0005049442B444F422B4175746F54756E6573
:1090C0002B4354532B426174436F6D700D0A0000A3
:1090D0002020535953434C4B3A20485349203136B2
:1090E000204D487A207C205553415254313A203942
:1090F00036303020626175640D0A00003D3D3D3D13
:109100003D3D3D3D3D3D3D3D3D3D3D3D3D3D3D3D8F
:109110003D3D3D3D3D3D3D3D3D3D3D3D3D3D3D3D7F
:109120003D3D3D3D0D0A000020504138204865611D
:10913000727462656174203A204F4B0D0A00000082
:109140002055534152543220444D41202020203A92
:10915000204F4B0D0A0000000000014000007A443F
:109160000024F44B204D6F746F722050574D202017
:109170002020203A204F4B202854494D312043488D
:10918000312F4348322C20252E306620487A20404B
:1091900020485349290D0A0020456E636F646572AB
:1091A000202020202020203A204F4B202854494DB9
:1091B00032206C6566742C2054494D3320726967E7
:1091C00068742C2061646170746976652066696CCE
:1091D000746572290D0A000020414443202020209C
:1091E000202020202020203A204F4B20284144439B
:1091F00031204348372062617474657279290D0A01
:10920000000000002052444B2058352050726F74EB
:109210006F20203A204F4B0D0A0000002044656269
:10922000756720436F6E736F6C65203A204F4B0D4E
:109230000A000000CDCC4C3E0001002020504944E3
:1092400020202020202020202020203A204F4B20AA
:10925000286761696E2D7363686564756C65642C3D
:109260002034207A6F6E6573290D0A0020417574D1
:109270006F2D54756E6572202020203A204F4B20B0
:109280002872656C6179206D6574686F642C205A52
:109290002D4E2072756C6573290D0A006666663F57
:1092A000CDCC4C3D000000000402002020444F4281
:1092B00020202020202020202020203A204F4B203A
:1092C000286C6566742B72696768742C20673D3062
:1092D0002E30352066663D302E3930290D0A0000CB
:1092E0002043726F73732D547261636B2020203A98
:1092F000204F4B20287961772B62616C616E63652A
:109300002B636F6E73656E737573290D0A00000011
:109310002049574447202020202020202020203A88
:10932000204F4B0D0A0000002054797065204845FD
:109330004C5020666F7220636F6D6D616E64732E8A
:109340000D0A0D0A00000000880000200000002027
:1093500084ED0F8A85ED0F8A84ED108A85ED108AE1
:10936000C4F85080D848C5F85080FBF7FFFCD648B9
:109370001830FBF7FBFCD4483030FAF707FAD24834
:109380005C38B0F93E0000EE100ACF48B8EEC00AD3
:109390005C3887ED020AB0F9400000EE100AB8EE22
:1093A000C00A87ED030A87ED058A87ED048A386BCA
:1093B000301A48451FDB19EE100A3E6300F0EEFB41
:1093C0000446C1480D465C38806800F0E7FB41EC7C
:1093D000190BBD485C380078F9F7C4FC0146BA485F
:1093E00053EC192B5C38B0F93E000094CDE90150E4
:1093F000B6A0F6F7CFFF9EE09BED000ABE488DEDCC
:10940000010A6A4690ED000AAF488DED000A97ED1B
:10941000010AD7ED032A97ED022AF8EEC00A97ED6C
:10942000000A01A9D7ED051A97ED041AB8EEC00A93
:109430003030FAF7C1F997ED000AB048F8EEC00AEB
:109440009DED010AFEF712FA87ED020A97ED010A77
:10945000AA48F8EEC00A9DED000A5430FEF706FA5D
:1094600087ED030A97ED000AD7ED020A9648B8EE99
:10947000C00AFBF78FFC87ED040A97ED010A9248BA
:10948000D7ED030AB8EEC00A1830FBF783FC87ED6E
:10949000050AD7ED020A97ED041A70EE811AC7ED9E
:1094A000021AD7ED030A30EE801A87ED031A97ED02
:1094B000060A10EE101AB1F1824F02DAB2EE000A7B
:1094C00006E010EE100A8E49884201DDB2EE0E0A67
:1094D0009FED8C2A8C49C2EE000A10EE900A884259
:1094E00002DADFED8A0A06E010EE901A884881421F
:1094F00001DDF7EE040A21EEA00A87ED020A21EE53
:10950000200A87ED030AA06BA96B884200DC08469D
:10951000FEF790FB97ED030A028ABDEEC00A10EE3B
:10952000100A97ED020A01B2BDEEC00A10EE100A51
:1095300000B2FEF71FF9FAF781F887ED060AF96A1B
:10954000701A642838DB6431DFED720AF96297ED36
:10955000000AB8EEC00A20EE200ABDEEC00A10EEE6
:10956000100A97ED010A05B2B8EEC00A20EE200AF3
:10957000BDEEC00A10EE100A04B2FBF7E1FE019046
:10958000FBF7E4FEC7F83480C7F83880C7F83C80A2
:1095900097ED060A0146DFED600A002320EE200A5F
:1095A000BDEEC00A10EE100A02B20198CDE900012A
:1095B00021462846FEF7CAFC786A311A494504DB81
:1095C00000F5FA707862FBF7B3FE386A321A52453A
:1095D0006EDB504438629BED000AB5EEC00AF1EE36
:1095E00010FA65D1444890ED000AB5EEC00AF1EEDC
:1095F00010FA5DD134485C38F9F7A8FAF0BBB869C5
:1096000000F0CCFA044630480D463030006900F0D6
:10961000C5FACDE90E01FBF70BFF0190FBF79CFEAD
:10962000009036485430C06A00F0B8FACDE90C0119
:109630003248C06A00F0B2FACDE90A01786900F058
:10964000ADFACDE90801386900F0A8FACDE90601C4
:10965000F86800F0A3FACDE90401B86800F09EFABA
:109660000B46024618481849CDE9164530303031CE
:10967000154CC08E3034898E648E00E018E0129450
:10968000CDE91310DDE90E01CDE91001DDE900019E
:10969000CDE90E01CDE902237868009017481F49F3
:1096A0003B68806B51F8202031461D48F6F772FE6A
:1096B000B86A311A6429FFF64DAC6430B8621948B3
:1096C000FCF79FFC46E40000040200205B41555477
:1096D0004F54554E455D202573207C207467743DA2
:1096E000252E3166207370643D252E3166207077FB
:1096F0006D3D25640D0A00008C0000200001002053
:10970000000070419A9949419A99593F9A99593F55
:109710000000A03F43FE10410000C842400000206E
:10972000789E000860030020B5EEC00AF1EE10FA42
:1097300001DAB1EE400A9FED081AF1EE000A07497E
:1097400040EE010A10EE900A884201DDF3EE090AAC
:10975000B0EE600A704700009A99993E0000C84137
:1097600010B500290AD00878002807D005487844A9
:10977000F8F764FC002801D0002010BD02487844AE
:1097800010BD0000D6090000CE09000010B5002968
:109790000AD00878002807D005487844F8F74EFC2E
:1097A000002801D0002010BD0248784410BD000000
:1097B000BA0A0000B20A000021F00042A2F1605291
:1097C000B2F5801F01F0004328BFD2F17F6C0BD9A6
:1097D0005FEA001C43EAC20242EB507018BF7047B8
:1097E00028BF20F001007047B2F5801FBCBF1846AB
:1097F00070474FEA410C1CF5001F02D2084600F0EA
:1098000043BA70B500F040F900000089FFF7F6BFD9
:109810004FF00040A0F580007047000002494FF073
:10982000000000F03BBA00BF0000F87F491058BFAD
:10983000C1F140415B1058BFC3F140438B42EFF38D
:109840000080704751EA030C17D41CF5801F58BFE5
:10985000BCF5801F00F10680994218BF704708BF11
:109860009042704707D711F5801F58BF13F5801F2E
:1098700019D499427047894270471CF5801F08D55A
:10988000BCF5801FF7D58B4218BF704708BF8242D6
:1098900070474FF4001C1CEB410F38BF1CEB430F0B
:1098A00001D28B42704770B500F0EEF89224490067
:1098B0004FF000514FF08053FFF7B8BF51EA030C4F
:1098C00017D41CF5801F58BFBCF5801F00F106801F
:1098D000994218BF704708BF9042704707D711F5EB
:1098E000801F58BF13F5801F19D4994270478942D1
:1098F00070471CF5801F08D5BCF5801FF7D58B423B
:1099000018BF704708BF824270474FF4001C1CEB21
:10991000410F38BF1CEB430F01D28B42704770B52B
:1099200000F0B2F8922449004FF000514FF08053FC
:10993000FFF77CBFDFF848C170B51CEA111E1EBFDF
:109940001CEA13159EEA0C0F95EA0C0F00F06F80CD
:1099500081EA030423EA4C134EEAD47E21EA4C1137
:1099600041F4801143F48013AE44A1FB024CA0FBF0
:109970000365AEF17F7E361955EB0C05A1FB034C58
:109980004CF10003A0FB021C16EB0C06654153F1E1
:109990000003094218BF46F0010613F4007F0BD103
:1099A0004FEA03314FEA0530340341EA155140EAEA
:1099B00016506FF003020AE04FEAC3214FEAC520B8
:1099C000F40241EA555140EA56506FF0020202EBB0
:1099D0002E4201EB025585EACE710AD05FEA440CB3
:1099E00018BF24F0004450F1000041F1000120EACA
:1099F000D47040F2FE7C624500D270BDA84214BF14
:109A00004FF080444FF04044002E08BF0024BEF1C8
:109A1000806FA8BFA1F1C041BDE8704080F2828094
:109A20004FF0000001F1C04101F0004170479EEA93
:109A30000C0F0CEA131518BF95EA0C0F06D04FF067
:109A4000000081EA030E0EF0004170BD00F01CF82A
:109A50008900013E00F007B800F009B84FEA430C56
:109A60005FEA5C5C08D081EA030100F05BB84FEA72
:109A7000410C5FEA5C5CF6D14FF000000149704791
:109A80000000FF070000F87F0EF1020E2EF0030E1B
:109A90005EF8046B364205D4012A43EB030515F545
:109AA000001F12D8012841EB010C1CF5001F0CD837
:109AB0000ED14FEAD17C15F5001F0CEB4C0C0CF1CC
:109AC000020C08BF4CEBD37C04E04FF0080C01E023
:109AD0004FEAD37C0CEB4C0526FA05F606F0070698
:109AE000B6F1040C06D20EEB860CBDE870404CF0CB
:109AF000010C6047DFE80CF0090B02024FF0004157
:109B00004FF00000A1F5002170BD19461046012854
:109B100051EB010418BFD4F5001484BF002001F0FC
:109B2000004170BD0808A0F500114FEA31017047EF
:109B300053EA010C17D41CF5801F58BFBCF5801FD9
:109B400000F106808B4218BF704708BF8242704701
:109B500007D713F5801F58BF11F5801F19D48B420A
:109B600070479B4270471CF5801F08D5BCF5801FCD
:109B7000F7D5994218BF704708BF904270474FF41D
:109B8000001C1CEB430F38BF1CEB410F01D2994264
:109B900070470FB40CBC03BCFFF7C1BE43004FEAD3
:109BA000D30C4FEA3C0C43401FBF40070CF16051FF
:109BB00013F0FE4F70471CF0006F03D100200CF033
:109BC000004170470CF0004343EA507010B540EA82
:109BD000CC0000F00EF800BF000000924FEA000138
:109BE000FFF7A0BF4FF000414FF00000A1F50021AA
:109BF00070470EF1020E2EF0030E5EF8044B244265
:109C000004D44FEA4102B2F17F4F11D84FEA40032A
:109C1000B3F17F4F0CD80ED14FEAD07CB2F17F4F19
:109C20000CEB4C0C0CF1020C08BF4CEBD17C04E0AB
:109C30004FF0080C01E04FEAD17C0CEB4C0324FA06
:109C400003F404F00704B4F1040C06D20EEB840C08
:109C5000BDE810404CF0010C6047DFE80CF007084D
:109C600002024FF00040A0F5800010BD08464200FF
:109C700018BFD2F1807288BF00F0004010BD4FF0D5
:109C80004070E1EE100A7047FF2141EAD050C00554
:109C900070474FF000007047F7F720B80CF00F0343
:109CA000092B08BF082000F05F800A2B0BD0082B7F
:109CB00018BF704708BF1CF0400F0AD04FF00000DB
:109CC0004FF0000170471CF0400F18BF4FF00040EC
:109CD00070471CF0100F08D020F0704300F07F4256
:109CE00042EAD3014FEA4370704700F0604021F030
:109CF0007F4242EA000201F07F4040EA7270704702
:109D00004FF0FF0C4CF4E06C1CEA11531CBF9CEAB2
:109D1000030C9445C2BFDA4201EB02517047002B9D
:109D20000DD0BCF1000F0FD0002A01F00041A4BFFC
:109D300041F0E04141F07F614FF00000704701F0D9
:109D400000414FF00000704750EA01334FF09B0C88
:109D500018BF4CF0806C7FF461AD7047F7F750BAD4
:109D6000F7F738BFF8F7C6B81CF4801F11D01CF401
:109D7000E02F03D06FEACC31490070474FF04050DC
:109D8000EFF3008222F0704242EA000282F3008880
:109D900070474FF00000704700000000010203040C
:109DA00000061016000610163031323334353637BF
:109DB000383941424344454640305800303132330F
:109DC000343536373839616263646566403078000F
:109DD0000400000800000000000000020001000074
:109DE0001000000002400000000000A00000000081
:109DF00005400000000000C8000000000C4000000A
:109E00000000409C00000000194000000020BCBE83
:109E10000000000034400000BFC91B8E0000000499
:109E2000B5400000504BCFD06607E2CF01000000E4
:109E30006C4100003E8251AADFEEA7340100000011
:109E4000D9420000DCB5A0E23A301F97FFFFFFFFC8
:109E5000B4450000FD25A0C8E9A3C14FFFFFFFFFE7
:109E6000FF3F00000000008000000000FF3F0000F6
:109E700000000080000000005B2530356C755D201F
:109E80005A3A2573207C20456E63204C3A25642085
:109E9000523A2564207C2050574D204C3A252E30D4
:109EA0006620523A252E3066207C20444F42204CBA
:109EB0003A252E306620523A252E3066207C2046E8
:109EC000726963204C3A252E306620523A252E3096
:109ED00066207C204F75744C3A2025642F25642021
:109EE0007C2043545320593A252E306620423A258F
:109EF000642F256420433A2564207C204261743A13
:109F0000252E3266560D0A004D4544200000000003
:109F10004C4F57200000000048494748000000000F
:109F200053544F50000000002020202020202020EB
:109F3000202A2A2A20456E7375726520636172207B
:109F40006973206F6E207468652067726F756E6428
:109F5000207769746820726F6F6D20746F206D6F49
:109F6000766521202A2A2A0D0A00000020205B4560
:109F700052525D204175746F2D74756E657220614B
:109F80006C72656164792072756E6E696E672028E7
:109F900073746174653D2573292E202055736520E7
:109FA00054554E452053544F502066697273742E99
:109FB0000D0A000020205A6F6E652025643A204B60
:109FC000703D252E3366204B693D252E3366204B90
:109FD000643D252E336620695F7365703D252E3004
:109FE0006620736C65773D257520616C7068613DF6
:109FF000252E32660D0A00005B4155544F54554ED4
:10A00000455D2052656C6179207068617365202D13
:10A01000206F7363696C6C6174696E672028736B61
:10A020006970202564207472616E7369656E742096
:10A030006379636C6573292E2E2E0D0A00000000D3
:10A040005B4155544F54554E455D205741524E4942
:10A050004E473A2054753D252E3166207469636B56
:10A060007320283C2564206D73292E20204C6F61BD
:10A0700064206D617920626520746F6F206C696760
:10A0800068742028776865656C7320696E20746831
:10A0900065206169723F292E20204761696E732017
:10A0A00077696C6C20626520636F6E736572766190
:10A0B000746976652E0D0A000D0A5B4155544F54A4
:10A0C000554E455D205374617274202D2073706568
:10A0D00065643D252E316620702F7469636B2028DE
:10A0E000252E3366206D2F732920207A6F6E653DF3
:10A0F0002564202072656C61795F616D703D257506
:10A100002020636F6E736572763D252E31660D0AD1
:10A110000000000070A20008000000200001000004
:10A12000C401000870A3000800010020800C00009A
:10A13000E0010008000000000000F07FFFFFFFFFCB
:10A14000FFFFEF7F1001000043000000F8FFFFFF5A
:10A15000004040404040404040404141414141403A
:10A1600040404040404040404040404040404040EF
:10A17000400502020202020202020202020202027E
:10A180000220202020202020202020020202020283
:10A1900002029090909090901010101010101010DB
:10A1A00010101010101010101010101002020202E7
:10A1B000020288888888888808080808080808082B
:10A1C0000808080808080808080808080202020227
:10A1D000400000000000000000000000000000003F
:10A1E000000000000000000000000000000000006F
:10A1F000000000000000000000000000000000005F
:10A20000000000000000000000000000000000004E
:10A21000000000000000000000000000000000003E
:10A22000000000000000000000000000000000002E
:10A23000000000000000000000000000000000001E
:10A24000000000000000000000000000000000000E
:10A25000000000001C00000043000000F8FFFFFFAA
:10A260000C0000000E0000000F0000002E00000097
:10A2700000000000000000000000000000000000DE
:10A2800000000000000000000000000000000000CE
:10A2900000000000000000000000000000000000BE
:10A2A00000000000000000000000000000000000AE
:10A2B000209F0008109F0008089F0008189F0008B2
:10A2C000000000000024F4000000404101010000F3
:10A2D000000000000000000000000000000000007E
:10A2E000000000000000000000000000000000006E
:10A2F000000000000000000000000000000000005E
:10A300000000000033333340CDCCCC3EEC51383E1E
:10A3100000002041190000000000803E00000040C5
:10A320000000803E9A99993E0000F0413200000002
:10A330003333B33E6666E63FCDCC4C3E3333B33E5B
:10A340000000704264000000CDCCCC3E0000C03F55
:10A350009A99193E6666E63E0000C842A0000000D9
:10A360000000003F0100000010000000000000009D
:040000050800018965
:00000001FF
